{
"type": "FeatureCollection",
"name": "bus",
"crs": { "type": "name", "properties": { "name": "urn:ogc:def:crs:OGC:1.3:CRS84" } },
"features": [
{ "type": "Feature", "properties": { "fid": 735, "nimi": "Linnupargi", "alias": null, "ylemgrupp": "Transport", "grupp": "peatus", "alamgrupp": "bussipeatus", "tyypnimi": "bussipeatus", "aadress": "Tartu maakond, Tartu linn, Tartu linn, Ihaste põik T1", "adrid": 3034679, "adsoid": "CU01789695", "mk": "Tartu maakond", "ov": "Tartu linn", "ay": "Tartu linn", "www": null, "url": null, "email": null, "telefon": null, "allikas": "Transpordiamet.Ühistranspordi infosüsteem", "andmeseis": "11.01.2021", "poi_id": 157724, "id": "144441", "vid": "7820355-1", "tyyp": 101204, "x": 661633, "y": 6472863, "pikkus": 26.7625863, "laius": 58.3663165, "kiht": "hp_bussipeatus" }, "geometry": { "type": "Point", "coordinates": [ 26.762586270619355, 58.366316476379382 ] } },
{ "type": "Feature", "properties": { "fid": 1001, "nimi": "Raudtee IV", "alias": null, "ylemgrupp": "Transport", "grupp": "peatus", "alamgrupp": "bussipeatus", "tyypnimi": "bussipeatus", "aadress": "Tartu maakond, Tartu linn, Tartu linn, Soinaste tänav T39", "adrid": 3032136, "adsoid": "CU00489544", "mk": "Tartu maakond", "ov": "Tartu linn", "ay": "Tartu linn", "www": null, "url": null, "email": null, "telefon": null, "allikas": "Transpordiamet.Ühistranspordi infosüsteem", "andmeseis": "11.01.2021", "poi_id": 86262, "id": "26387", "vid": "7820206-1", "tyyp": 101204, "x": 658464, "y": 6471497, "pikkus": 26.7075463, "laius": 58.355226, "kiht": "hp_bussipeatus" }, "geometry": { "type": "Point", "coordinates": [ 26.707546288832177, 58.355225973008324 ] } },
{ "type": "Feature", "properties": { "fid": 1143, "nimi": "Näituse", "alias": null, "ylemgrupp": "Transport", "grupp": "peatus", "alamgrupp": "bussipeatus", "tyypnimi": "bussipeatus", "aadress": "Tartu maakond, Tartu linn, Tartu linn, Näituse tänav T7", "adrid": 3037980, "adsoid": "CU00611477", "mk": "Tartu maakond", "ov": "Tartu linn", "ay": "Tartu linn", "www": null, "url": null, "email": null, "telefon": null, "allikas": "Transpordiamet.Ühistranspordi infosüsteem", "andmeseis": "09.05.2023", "poi_id": 92408, "id": "26230", "vid": "7820168-1", "tyyp": 101204, "x": 658379, "y": 6474131, "pikkus": 26.707896, "laius": 58.3788894, "kiht": "hp_bussipeatus" }, "geometry": { "type": "Point", "coordinates": [ 26.70789604997206, 58.378889428781179 ] } },
{ "type": "Feature", "properties": { "fid": 2853, "nimi": "Karete", "alias": null, "ylemgrupp": "Transport", "grupp": "peatus", "alamgrupp": "bussipeatus", "tyypnimi": "bussipeatus", "aadress": "Tartu maakond, Tartu linn, Tartu linn, Jalaka tänav T33", "adrid": 3025423, "adsoid": "CU01988091", "mk": "Tartu maakond", "ov": "Tartu linn", "ay": "Tartu linn", "www": null, "url": null, "email": null, "telefon": null, "allikas": "Transpordiamet.Ühistranspordi infosüsteem", "andmeseis": "03.01.2021", "poi_id": 89933, "id": "25352", "vid": "7820073-1", "tyyp": 101204, "x": 659404, "y": 6470955, "pikkus": 26.723205, "laius": 58.3500228, "kiht": "hp_bussipeatus" }, "geometry": { "type": "Point", "coordinates": [ 26.723205030801164, 58.350022818245357 ] } },
{ "type": "Feature", "properties": { "fid": 3025, "nimi": "Annelinna gümnaasium", "alias": null, "ylemgrupp": "Transport", "grupp": "peatus", "alamgrupp": "bussipeatus", "tyypnimi": "bussipeatus", "aadress": "Tartu maakond, Tartu linn, Tartu linn, Kaunase puiestee T69", "adrid": 3025422, "adsoid": "CU01988074", "mk": "Tartu maakond", "ov": "Tartu linn", "ay": "Tartu linn", "www": null, "url": null, "email": null, "telefon": null, "allikas": "Transpordiamet.Ühistranspordi infosüsteem", "andmeseis": "27.12.2020", "poi_id": 90220, "id": "26854", "vid": "7820012-1", "tyyp": 101204, "x": 662046, "y": 6473951, "pikkus": 26.7703999, "laius": 58.375926, "kiht": "hp_bussipeatus" }, "geometry": { "type": "Point", "coordinates": [ 26.770399921668755, 58.37592597288571 ] } },
{ "type": "Feature", "properties": { "fid": 7679, "nimi": "Kreutzwaldi", "alias": null, "ylemgrupp": "Transport", "grupp": "peatus", "alamgrupp": "bussipeatus", "tyypnimi": "bussipeatus", "aadress": "Tartu maakond, Tartu linn, Tartu linn, Friedrich Reinhold Kreutzwaldi tänav T1", "adrid": 3032824, "adsoid": "CU01751433", "mk": "Tartu maakond", "ov": "Tartu linn", "ay": "Tartu linn", "www": null, "url": null, "email": null, "telefon": null, "allikas": "Transpordiamet.Ühistranspordi infosüsteem", "andmeseis": "05.11.2023", "poi_id": 84979, "id": "24887", "vid": "7820106-1", "tyyp": 101204, "x": 657983, "y": 6474849, "pikkus": 26.701643, "laius": 58.3854715, "kiht": "hp_bussipeatus" }, "geometry": { "type": "Point", "coordinates": [ 26.701642970903702, 58.385471522487883 ] } },
{ "type": "Feature", "properties": { "fid": 8019, "nimi": "Alasi", "alias": null, "ylemgrupp": "Transport", "grupp": "peatus", "alamgrupp": "bussipeatus", "tyypnimi": "bussipeatus", "aadress": "Tartu maakond, Tartu linn, Tartu linn, Alasi tänav T1", "adrid": 3032129, "adsoid": "CU00494126", "mk": "Tartu maakond", "ov": "Tartu linn", "ay": "Tartu linn", "www": null, "url": null, "email": null, "telefon": null, "allikas": "Transpordiamet.Ühistranspordi infosüsteem", "andmeseis": "05.11.2023", "poi_id": 86044, "id": "26850", "vid": "7820008-1", "tyyp": 101204, "x": 659066, "y": 6470699, "pikkus": 26.7172678, "laius": 58.3478465, "kiht": "hp_bussipeatus" }, "geometry": { "type": "Point", "coordinates": [ 26.717267840156577, 58.347846491205033 ] } },
{ "type": "Feature", "properties": { "fid": 8236, "nimi": "Autokeskus", "alias": null, "ylemgrupp": "Transport", "grupp": "peatus", "alamgrupp": "bussipeatus", "tyypnimi": "bussipeatus", "aadress": "Tartu maakond, Tartu linn, Tartu linn, Aardla tänav T23", "adrid": 3034561, "adsoid": "CU00493559", "mk": "Tartu maakond", "ov": "Tartu linn", "ay": "Tartu linn", "www": null, "url": null, "email": null, "telefon": null, "allikas": "Transpordiamet.Ühistranspordi infosüsteem", "andmeseis": "03.01.2021", "poi_id": 85960, "id": "24711", "vid": "7820023-1", "tyyp": 101204, "x": 659018, "y": 6471508, "pikkus": 26.717005, "laius": 58.3551195, "kiht": "hp_bussipeatus" }, "geometry": { "type": "Point", "coordinates": [ 26.717005016369505, 58.355119540366275 ] } },
{ "type": "Feature", "properties": { "fid": 8265, "nimi": "Hiie", "alias": null, "ylemgrupp": "Transport", "grupp": "peatus", "alamgrupp": "bussipeatus", "tyypnimi": "bussipeatus", "aadress": "Tartu maakond, Tartu linn, Tartu linn, A. H. Tammsaare tn 7 // Hiie tn 11", "adrid": 3046104, "adsoid": "CU00486383", "mk": "Tartu maakond", "ov": "Tartu linn", "ay": "Tartu linn", "www": null, "url": null, "email": null, "telefon": null, "allikas": "Transpordiamet.Ühistranspordi infosüsteem", "andmeseis": "18.08.2020", "poi_id": 88228, "id": "123049", "vid": "7820042-1", "tyyp": 101204, "x": 657707, "y": 6474582, "pikkus": 26.6967341, "laius": 58.3831698, "kiht": "hp_bussipeatus" }, "geometry": { "type": "Point", "coordinates": [ 26.696734052317364, 58.383169763179474 ] } },
{ "type": "Feature", "properties": { "fid": 8266, "nimi": "Kesklinn V", "alias": null, "ylemgrupp": "Transport", "grupp": "peatus", "alamgrupp": "bussipeatus", "tyypnimi": "bussipeatus", "aadress": "Tartu maakond, Tartu linn, Tartu linn, Riia tänav T1", "adrid": 3034542, "adsoid": "CU01955374", "mk": "Tartu maakond", "ov": "Tartu linn", "ay": "Tartu linn", "www": null, "url": null, "email": null, "telefon": null, "allikas": "Transpordiamet.Ühistranspordi infosüsteem", "andmeseis": "11.01.2021", "poi_id": 88173, "id": "24871", "vid": "7820085-1", "tyyp": 101204, "x": 659539, "y": 6474019, "pikkus": 26.7276362, "laius": 58.3774594, "kiht": "hp_bussipeatus" }, "geometry": { "type": "Point", "coordinates": [ 26.727636206497863, 58.377459428996801 ] } },
{ "type": "Feature", "properties": { "fid": 8306, "nimi": "Ihaste tee I", "alias": null, "ylemgrupp": "Transport", "grupp": "peatus", "alamgrupp": "bussipeatus", "tyypnimi": "bussipeatus", "aadress": "Tartu maakond, Tartu linn, Tartu linn, Ihaste tee T9", "adrid": 3032187, "adsoid": "CU03210871", "mk": "Tartu maakond", "ov": "Tartu linn", "ay": "Tartu linn", "www": null, "url": null, "email": null, "telefon": null, "allikas": "Transpordiamet.Ühistranspordi infosüsteem", "andmeseis": "05.11.2023", "poi_id": 81830, "id": "33513", "vid": "7820053-1", "tyyp": 101204, "x": 661417, "y": 6472727, "pikkus": 26.7587968, "laius": 58.3651786, "kiht": "hp_bussipeatus" }, "geometry": { "type": "Point", "coordinates": [ 26.758796777133391, 58.365178622270214 ] } },
{ "type": "Feature", "properties": { "fid": 8309, "nimi": "Sepa turg", "alias": null, "ylemgrupp": "Transport", "grupp": "peatus", "alamgrupp": "bussipeatus", "tyypnimi": "bussipeatus", "aadress": "Tartu maakond, Tartu linn, Tartu linn, Turu tänav T45", "adrid": 3032801, "adsoid": "CU01873000", "mk": "Tartu maakond", "ov": "Tartu linn", "ay": "Tartu linn", "www": null, "url": null, "email": null, "telefon": null, "allikas": "Transpordiamet.Ühistranspordi infosüsteem", "andmeseis": "05.11.2023", "poi_id": 81846, "id": "26519", "vid": "7820236-1", "tyyp": 101204, "x": 660440, "y": 6470927, "pikkus": 26.7408595, "laius": 58.3493904, "kiht": "hp_bussipeatus" }, "geometry": { "type": "Point", "coordinates": [ 26.740859519914132, 58.349390382950503 ] } },
{ "type": "Feature", "properties": { "fid": 8347, "nimi": "Aardla", "alias": null, "ylemgrupp": "Transport", "grupp": "peatus", "alamgrupp": "bussipeatus", "tyypnimi": "bussipeatus", "aadress": "Tartu maakond, Tartu linn, Tartu linn, Võru tänav T83", "adrid": 3028146, "adsoid": "CU01835248", "mk": "Tartu maakond", "ov": "Tartu linn", "ay": "Tartu linn", "www": null, "url": null, "email": null, "telefon": null, "allikas": "Transpordiamet.Ühistranspordi infosüsteem", "andmeseis": "18.08.2020", "poi_id": 86807, "id": "33521", "vid": "7820001-1", "tyyp": 101204, "x": 659258, "y": 6471444, "pikkus": 26.72105, "laius": 58.3544562, "kiht": "hp_bussipeatus" }, "geometry": { "type": "Point", "coordinates": [ 26.721050036339165, 58.354456237531615 ] } },
{ "type": "Feature", "properties": { "fid": 8447, "nimi": "Lõunakeskus", "alias": null, "ylemgrupp": "Transport", "grupp": "peatus", "alamgrupp": "bussipeatus", "tyypnimi": "bussipeatus", "aadress": "Tartu maakond, Tartu linn, Tartu linn, Lääneringtee 37", "adrid": 3657049, "adsoid": "CU03232491", "mk": "Tartu maakond", "ov": "Tartu linn", "ay": "Tartu linn", "www": null, "url": null, "email": null, "telefon": null, "allikas": "Transpordiamet.Ühistranspordi infosüsteem", "andmeseis": "20.11.2022", "poi_id": 85684, "id": "122420", "vid": "7820139-1", "tyyp": 101204, "x": 656444, "y": 6471816, "pikkus": 26.6732762, "laius": 58.358815, "kiht": "hp_bussipeatus" }, "geometry": { "type": "Point", "coordinates": [ 26.67327616659616, 58.358814973831727 ] } },
{ "type": "Feature", "properties": { "fid": 8471, "nimi": "Kanali", "alias": null, "ylemgrupp": "Transport", "grupp": "peatus", "alamgrupp": "bussipeatus", "tyypnimi": "bussipeatus", "aadress": "Tartu maakond, Tartu linn, Tartu linn, Pikk tänav T67", "adrid": 3025312, "adsoid": "CU03629925", "mk": "Tartu maakond", "ov": "Tartu linn", "ay": "Tartu linn", "www": null, "url": null, "email": null, "telefon": null, "allikas": "Transpordiamet.Ühistranspordi infosüsteem", "andmeseis": "05.11.2023", "poi_id": 85797, "id": "26211", "vid": "7820068-1", "tyyp": 101204, "x": 660533, "y": 6473974, "pikkus": 26.7445771, "laius": 58.376694, "kiht": "hp_bussipeatus" }, "geometry": { "type": "Point", "coordinates": [ 26.744577124705689, 58.376694024093403 ] } },
{ "type": "Feature", "properties": { "fid": 8485, "nimi": "Peetri kirik", "alias": null, "ylemgrupp": "Transport", "grupp": "peatus", "alamgrupp": "bussipeatus", "tyypnimi": "bussipeatus", "aadress": "Tartu maakond, Tartu linn, Tartu linn, Puiestee tänav T43", "adrid": 3037987, "adsoid": "CU00496216", "mk": "Tartu maakond", "ov": "Tartu linn", "ay": "Tartu linn", "www": null, "url": null, "email": null, "telefon": null, "allikas": "Transpordiamet.Ühistranspordi infosüsteem", "andmeseis": "27.12.2020", "poi_id": 88087, "id": "26239", "vid": "7820180-1", "tyyp": 101204, "x": 659471, "y": 6475410, "pikkus": 26.7274398, "laius": 58.3899605, "kiht": "hp_bussipeatus" }, "geometry": { "type": "Point", "coordinates": [ 26.727439806425895, 58.389960506284844 ] } },
{ "type": "Feature", "properties": { "fid": 8527, "nimi": "Pepleri", "alias": null, "ylemgrupp": "Transport", "grupp": "peatus", "alamgrupp": "bussipeatus", "tyypnimi": "bussipeatus", "aadress": "Tartu maakond, Tartu linn, Tartu linn, Pepleri tänav T1", "adrid": 3034485, "adsoid": "CU02015298", "mk": "Tartu maakond", "ov": "Tartu linn", "ay": "Tartu linn", "www": null, "url": null, "email": null, "telefon": null, "allikas": "Transpordiamet.Ühistranspordi infosüsteem", "andmeseis": "27.12.2020", "poi_id": 82985, "id": "26241", "vid": "7820183-1", "tyyp": 101204, "x": 658986, "y": 6473782, "pikkus": 26.7180352, "laius": 58.37553, "kiht": "hp_bussipeatus" }, "geometry": { "type": "Point", "coordinates": [ 26.718035187138298, 58.375529956852816 ] } },
{ "type": "Feature", "properties": { "fid": 8536, "nimi": "Vallikraavi", "alias": null, "ylemgrupp": "Transport", "grupp": "peatus", "alamgrupp": "bussipeatus", "tyypnimi": "bussipeatus", "aadress": "Tartu maakond, Tartu linn, Tartu linn, Julius Kuperjanovi tänav T1", "adrid": 3024519, "adsoid": "CU01979004", "mk": "Tartu maakond", "ov": "Tartu linn", "ay": "Tartu linn", "www": null, "url": null, "email": null, "telefon": null, "allikas": "Transpordiamet.Ühistranspordi infosüsteem", "andmeseis": "27.12.2020", "poi_id": 81961, "id": "25937", "vid": "7820241-1", "tyyp": 101204, "x": 658779, "y": 6473895, "pikkus": 26.7145735, "laius": 58.3766212, "kiht": "hp_bussipeatus" }, "geometry": { "type": "Point", "coordinates": [ 26.714573537213081, 58.376621185971693 ] } },
{ "type": "Feature", "properties": { "fid": 8676, "nimi": "Tehase", "alias": null, "ylemgrupp": "Transport", "grupp": "peatus", "alamgrupp": "bussipeatus", "tyypnimi": "bussipeatus", "aadress": "Tartu maakond, Tartu linn, Tartu linn, Tehase tänav T19", "adrid": 3028302, "adsoid": "CU00492825", "mk": "Tartu maakond", "ov": "Tartu linn", "ay": "Tartu linn", "www": null, "url": null, "email": null, "telefon": null, "allikas": "Transpordiamet.Ühistranspordi infosüsteem", "andmeseis": "11.01.2021", "poi_id": 87820, "id": "119583", "vid": "7820279-1", "tyyp": 101204, "x": 659979, "y": 6472250, "pikkus": 26.7339258, "laius": 58.3614304, "kiht": "hp_bussipeatus" }, "geometry": { "type": "Point", "coordinates": [ 26.733925820464155, 58.361430434807311 ] } },
{ "type": "Feature", "properties": { "fid": 8693, "nimi": "Tarmeko", "alias": null, "ylemgrupp": "Transport", "grupp": "peatus", "alamgrupp": "bussipeatus", "tyypnimi": "bussipeatus", "aadress": "Tartu maakond, Tartu linn, Tartu linn, Turu tänav T31", "adrid": 3029871, "adsoid": "CU01872998", "mk": "Tartu maakond", "ov": "Tartu linn", "ay": "Tartu linn", "www": null, "url": null, "email": null, "telefon": null, "allikas": "Transpordiamet.Ühistranspordi infosüsteem", "andmeseis": "11.01.2021", "poi_id": 87883, "id": "26107", "vid": "7820267-1", "tyyp": 101204, "x": 660346, "y": 6472687, "pikkus": 26.7404914, "laius": 58.3652096, "kiht": "hp_bussipeatus" }, "geometry": { "type": "Point", "coordinates": [ 26.740491409891114, 58.365209575665979 ] } },
{ "type": "Feature", "properties": { "fid": 8735, "nimi": "Kasteheina", "alias": null, "ylemgrupp": "Transport", "grupp": "peatus", "alamgrupp": "bussipeatus", "tyypnimi": "bussipeatus", "aadress": "Tartu maakond, Tartu linn, Tartu linn, Kasesalu tänav T5", "adrid": 3038084, "adsoid": "CU00498939", "mk": "Tartu maakond", "ov": "Tartu linn", "ay": "Tartu linn", "www": null, "url": null, "email": null, "telefon": null, "allikas": "Transpordiamet.Ühistranspordi infosüsteem", "andmeseis": "05.11.2023", "poi_id": 84930, "id": "24731", "vid": "7820081-1", "tyyp": 101204, "x": 663181, "y": 6471031, "pikkus": 26.7877188, "laius": 58.3493063, "kiht": "hp_bussipeatus" }, "geometry": { "type": "Point", "coordinates": [ 26.787718834363098, 58.34930628138703 ] } },
{ "type": "Feature", "properties": { "fid": 8817, "nimi": "Põllu", "alias": null, "ylemgrupp": "Transport", "grupp": "peatus", "alamgrupp": "bussipeatus", "tyypnimi": "bussipeatus", "aadress": "Tartu maakond, Tartu linn, Tartu linn, Põllu tänav T1", "adrid": 3022115, "adsoid": "CU00495584", "mk": "Tartu maakond", "ov": "Tartu linn", "ay": "Tartu linn", "www": null, "url": null, "email": null, "telefon": null, "allikas": "Transpordiamet.Ühistranspordi infosüsteem", "andmeseis": "27.12.2020", "poi_id": 80766, "id": "26246", "vid": "7820191-1", "tyyp": 101204, "x": 658405, "y": 6476308, "pikkus": 26.7098437, "laius": 58.3984079, "kiht": "hp_bussipeatus" }, "geometry": { "type": "Point", "coordinates": [ 26.709843675988676, 58.398407898055559 ] } },
{ "type": "Feature", "properties": { "fid": 8866, "nimi": "Tervishoiu", "alias": null, "ylemgrupp": "Transport", "grupp": "peatus", "alamgrupp": "bussipeatus", "tyypnimi": "bussipeatus", "aadress": "Tartu maakond, Tartu linn, Tartu linn, L. Puusepa tn 10", "adrid": 3070972, "adsoid": "CU00488056", "mk": "Tartu maakond", "ov": "Tartu linn", "ay": "Tartu linn", "www": null, "url": null, "email": null, "telefon": null, "allikas": "Transpordiamet.Ühistranspordi infosüsteem", "andmeseis": "20.12.2020", "poi_id": 84660, "id": "26118", "vid": "7820284-1", "tyyp": 101204, "x": 657947, "y": 6473393, "pikkus": 26.7000215, "laius": 58.3724182, "kiht": "hp_bussipeatus" }, "geometry": { "type": "Point", "coordinates": [ 26.70002153347259, 58.372418161075608 ] } },
{ "type": "Feature", "properties": { "fid": 9085, "nimi": "Lõuna", "alias": null, "ylemgrupp": "Transport", "grupp": "peatus", "alamgrupp": "bussipeatus", "tyypnimi": "bussipeatus", "aadress": "Tartu maakond, Tartu linn, Tartu linn, Ludvig Puusepa tänav T27", "adrid": 3032826, "adsoid": "CU00488107", "mk": "Tartu maakond", "ov": "Tartu linn", "ay": "Tartu linn", "www": null, "url": null, "email": null, "telefon": null, "allikas": "Transpordiamet.Ühistranspordi infosüsteem", "andmeseis": "27.12.2020", "poi_id": 85529, "id": "26680", "vid": "7820170-1", "tyyp": 101204, "x": 657780, "y": 6473652, "pikkus": 26.6973526, "laius": 58.3748065, "kiht": "hp_bussipeatus" }, "geometry": { "type": "Point", "coordinates": [ 26.697352579995311, 58.374806479946415 ] } },
{ "type": "Feature", "properties": { "fid": 9088, "nimi": "Fi", "alias": null, "ylemgrupp": "Transport", "grupp": "peatus", "alamgrupp": "bussipeatus", "tyypnimi": "bussipeatus", "aadress": "Tartu maakond, Tartu linn, Tartu linn, Aardla tänav T115", "adrid": 3032489, "adsoid": "CU00490361", "mk": "Tartu maakond", "ov": "Tartu linn", "ay": "Tartu linn", "www": null, "url": null, "email": null, "telefon": null, "allikas": "Transpordiamet.Ühistranspordi infosüsteem", "andmeseis": "16.04.2023", "poi_id": 85536, "id": "24721", "vid": "7820035-1", "tyyp": 101204, "x": 656922, "y": 6471230, "pikkus": 26.6810382, "laius": 58.3533812, "kiht": "hp_bussipeatus" }, "geometry": { "type": "Point", "coordinates": [ 26.681038233487843, 58.353381199433279 ] } },
{ "type": "Feature", "properties": { "fid": 13371, "nimi": "Jõe", "alias": null, "ylemgrupp": "Transport", "grupp": "peatus", "alamgrupp": "bussipeatus", "tyypnimi": "bussipeatus", "aadress": "Tartu maakond, Tartu linn, Tartu linn, Turu tänav T25", "adrid": 3038963, "adsoid": "CU03439804", "mk": "Tartu maakond", "ov": "Tartu linn", "ay": "Tartu linn", "www": null, "url": null, "email": null, "telefon": null, "allikas": "Transpordiamet.Ühistranspordi infosüsteem", "andmeseis": "09.05.2023", "poi_id": 91942, "id": "26083", "vid": "7820057-1", "tyyp": 101204, "x": 660262, "y": 6473280, "pikkus": 26.7394698, "laius": 58.3705689, "kiht": "hp_bussipeatus" }, "geometry": { "type": "Point", "coordinates": [ 26.739469845061816, 58.370568880773313 ] } },
{ "type": "Feature", "properties": { "fid": 13696, "nimi": "Piiri", "alias": null, "ylemgrupp": "Transport", "grupp": "peatus", "alamgrupp": "bussipeatus", "tyypnimi": "bussipeatus", "aadress": "Tartu maakond, Tartu linn, Tartu linn, Herne tänav T45", "adrid": 3035754, "adsoid": "CU00610580", "mk": "Tartu maakond", "ov": "Tartu linn", "ay": "Tartu linn", "www": null, "url": null, "email": null, "telefon": null, "allikas": "Transpordiamet.Ühistranspordi infosüsteem", "andmeseis": "09.05.2023", "poi_id": 91581, "id": "26242", "vid": "7820185-1", "tyyp": 101204, "x": 658358, "y": 6475204, "pikkus": 26.7082779, "laius": 58.3885166, "kiht": "hp_bussipeatus" }, "geometry": { "type": "Point", "coordinates": [ 26.708277898415577, 58.388516643522038 ] } },
{ "type": "Feature", "properties": { "fid": 15439, "nimi": "Maarjamõisa haigla", "alias": null, "ylemgrupp": "Transport", "grupp": "peatus", "alamgrupp": "bussipeatus", "tyypnimi": "bussipeatus", "aadress": "Tartu maakond, Tartu linn, Tartu linn, Nikolai Lunini tänav T7", "adrid": 3036300, "adsoid": "CU01961792", "mk": "Tartu maakond", "ov": "Tartu linn", "ay": "Tartu linn", "www": null, "url": null, "email": null, "telefon": null, "allikas": "Transpordiamet.Ühistranspordi infosüsteem", "andmeseis": "11.01.2021", "poi_id": 93779, "id": "26229", "vid": "7820142-1", "tyyp": 101204, "x": 657857, "y": 6473049, "pikkus": 26.6982401, "laius": 58.3693673, "kiht": "hp_bussipeatus" }, "geometry": { "type": "Point", "coordinates": [ 26.698240102794312, 58.369367279539205 ] } },
{ "type": "Feature", "properties": { "fid": 15520, "nimi": "Ringtee", "alias": null, "ylemgrupp": "Transport", "grupp": "peatus", "alamgrupp": "bussipeatus", "tyypnimi": "bussipeatus", "aadress": "Tartu maakond, Tartu linn, Tartu linn, Võru tn 252", "adrid": 3066700, "adsoid": "CU03220227", "mk": "Tartu maakond", "ov": "Tartu linn", "ay": "Tartu linn", "www": null, "url": null, "email": null, "telefon": null, "allikas": "Transpordiamet.Ühistranspordi infosüsteem", "andmeseis": "05.11.2023", "poi_id": 86640, "id": "128370", "vid": "7820320-1", "tyyp": 101204, "x": 659027, "y": 6469991, "pikkus": 26.7161079, "laius": 58.3415116, "kiht": "hp_bussipeatus" }, "geometry": { "type": "Point", "coordinates": [ 26.716107946134315, 58.341511589719182 ] } },
{ "type": "Feature", "properties": { "fid": 15522, "nimi": "Mesika", "alias": null, "ylemgrupp": "Transport", "grupp": "peatus", "alamgrupp": "bussipeatus", "tyypnimi": "bussipeatus", "aadress": "Tartu maakond, Tartu linn, Tartu linn, Mesika tänav T11", "adrid": 3032896, "adsoid": "CU00493236", "mk": "Tartu maakond", "ov": "Tartu linn", "ay": "Tartu linn", "www": null, "url": null, "email": null, "telefon": null, "allikas": "Transpordiamet.Ühistranspordi infosüsteem", "andmeseis": "11.01.2021", "poi_id": 89781, "id": "26526", "vid": "7820148-1", "tyyp": 101204, "x": 658492, "y": 6470930, "pikkus": 26.7076261, "laius": 58.3501309, "kiht": "hp_bussipeatus" }, "geometry": { "type": "Point", "coordinates": [ 26.707626114207841, 58.350130884173211 ] } },
{ "type": "Feature", "properties": { "fid": 15637, "nimi": "Maarjamõisa", "alias": null, "ylemgrupp": "Transport", "grupp": "peatus", "alamgrupp": "bussipeatus", "tyypnimi": "bussipeatus", "aadress": "Tartu maakond, Tartu linn, Tartu linn, Ludvig Puusepa tänav T5", "adrid": 3032827, "adsoid": "CU00488156", "mk": "Tartu maakond", "ov": "Tartu linn", "ay": "Tartu linn", "www": null, "url": null, "email": null, "telefon": null, "allikas": "Transpordiamet.Ühistranspordi infosüsteem", "andmeseis": "27.12.2020", "poi_id": 89831, "id": "26228", "vid": "7820141-1", "tyyp": 101204, "x": 658054, "y": 6473122, "pikkus": 26.7016503, "laius": 58.3699501, "kiht": "hp_bussipeatus" }, "geometry": { "type": "Point", "coordinates": [ 26.701650337053927, 58.369950087421657 ] } },
{ "type": "Feature", "properties": { "fid": 15638, "nimi": "Kesk kaar", "alias": null, "ylemgrupp": "Transport", "grupp": "peatus", "alamgrupp": "bussipeatus", "tyypnimi": "bussipeatus", "aadress": "Tartu maakond, Tartu linn, Tartu linn, Kesk kaar T23", "adrid": 3022199, "adsoid": "CU00488951", "mk": "Tartu maakond", "ov": "Tartu linn", "ay": "Tartu linn", "www": null, "url": null, "email": null, "telefon": null, "allikas": "Transpordiamet.Ühistranspordi infosüsteem", "andmeseis": "11.01.2021", "poi_id": 93491, "id": "26086", "vid": "7820060-1", "tyyp": 101204, "x": 658217, "y": 6472671, "pikkus": 26.7041269, "laius": 58.3658479, "kiht": "hp_bussipeatus" }, "geometry": { "type": "Point", "coordinates": [ 26.704126879705299, 58.365847940843494 ] } },
{ "type": "Feature", "properties": { "fid": 15639, "nimi": "Kaare", "alias": null, "ylemgrupp": "Transport", "grupp": "peatus", "alamgrupp": "bussipeatus", "tyypnimi": "bussipeatus", "aadress": "Tartu maakond, Tartu linn, Tartu linn, Riia tänav T59", "adrid": 3020550, "adsoid": "CU01956353", "mk": "Tartu maakond", "ov": "Tartu linn", "ay": "Tartu linn", "www": null, "url": null, "email": null, "telefon": null, "allikas": "Transpordiamet.Ühistranspordi infosüsteem", "andmeseis": "18.08.2020", "poi_id": 90778, "id": "26087", "vid": "7820061-1", "tyyp": 101204, "x": 658228, "y": 6472748, "pikkus": 26.7043633, "laius": 58.3665285, "kiht": "hp_bussipeatus" }, "geometry": { "type": "Point", "coordinates": [ 26.704363300362481, 58.366528540712636 ] } },
{ "type": "Feature", "properties": { "fid": 15640, "nimi": "Puusepa", "alias": null, "ylemgrupp": "Transport", "grupp": "peatus", "alamgrupp": "bussipeatus", "tyypnimi": "bussipeatus", "aadress": "Tartu maakond, Tartu linn, Tartu linn, Ludvig Puusepa tänav T1", "adrid": 3029940, "adsoid": "CU00488172", "mk": "Tartu maakond", "ov": "Tartu linn", "ay": "Tartu linn", "www": null, "url": null, "email": null, "telefon": null, "allikas": "Transpordiamet.Ühistranspordi infosüsteem", "andmeseis": "05.11.2023", "poi_id": 81999, "id": "26088", "vid": "7820062-1", "tyyp": 101204, "x": 658185, "y": 6472765, "pikkus": 26.7036461, "laius": 58.3666977, "kiht": "hp_bussipeatus" }, "geometry": { "type": "Point", "coordinates": [ 26.703646075516804, 58.366697666685596 ] } },
{ "type": "Feature", "properties": { "fid": 15641, "nimi": "Soinaste I", "alias": null, "ylemgrupp": "Transport", "grupp": "peatus", "alamgrupp": "bussipeatus", "tyypnimi": "bussipeatus", "aadress": "Tartu maakond, Tartu linn, Tartu linn, Riia tänav T77", "adrid": 3024523, "adsoid": "CU01960682", "mk": "Tartu maakond", "ov": "Tartu linn", "ay": "Tartu linn", "www": null, "url": null, "email": null, "telefon": null, "allikas": "Transpordiamet.Ühistranspordi infosüsteem", "andmeseis": "05.11.2023", "poi_id": 90973, "id": "25944", "vid": "7820243-1", "tyyp": 101204, "x": 657935, "y": 6472496, "pikkus": 26.6991972, "laius": 58.3643735, "kiht": "hp_bussipeatus" }, "geometry": { "type": "Point", "coordinates": [ 26.69919722031209, 58.364373541529723 ] } },
{ "type": "Feature", "properties": { "fid": 15642, "nimi": "E-Kaubamaja", "alias": null, "ylemgrupp": "Transport", "grupp": "peatus", "alamgrupp": "bussipeatus", "tyypnimi": "bussipeatus", "aadress": "Tartu maakond, Tartu linn, Tartu linn, Tähe tänav T103", "adrid": 3030691, "adsoid": "CU00492822", "mk": "Tartu maakond", "ov": "Tartu linn", "ay": "Tartu linn", "www": null, "url": null, "email": null, "telefon": null, "allikas": "Transpordiamet.Ühistranspordi infosüsteem", "andmeseis": "05.11.2023", "poi_id": 89394, "id": "24717", "vid": "7820033-1", "tyyp": 101204, "x": 659809, "y": 6471916, "pikkus": 26.7307822, "laius": 58.3584933, "kiht": "hp_bussipeatus" }, "geometry": { "type": "Point", "coordinates": [ 26.730782166374208, 58.358493341811872 ] } },
{ "type": "Feature", "properties": { "fid": 15643, "nimi": "E-Kaubamaja", "alias": null, "ylemgrupp": "Transport", "grupp": "peatus", "alamgrupp": "bussipeatus", "tyypnimi": "bussipeatus", "aadress": "Tartu maakond, Tartu linn, Tartu linn, Tähe tänav T103", "adrid": 3030691, "adsoid": "CU00492822", "mk": "Tartu maakond", "ov": "Tartu linn", "ay": "Tartu linn", "www": null, "url": null, "email": null, "telefon": null, "allikas": "Transpordiamet.Ühistranspordi infosüsteem", "andmeseis": "03.01.2021", "poi_id": 93103, "id": "24716", "vid": "7820032-1", "tyyp": 101204, "x": 659812, "y": 6471980, "pikkus": 26.7308899, "laius": 58.3590712, "kiht": "hp_bussipeatus" }, "geometry": { "type": "Point", "coordinates": [ 26.730889868591554, 58.359071164159772 ] } },
{ "type": "Feature", "properties": { "fid": 15644, "nimi": "Autokeskus", "alias": null, "ylemgrupp": "Transport", "grupp": "peatus", "alamgrupp": "bussipeatus", "tyypnimi": "bussipeatus", "aadress": "Tartu maakond, Tartu linn, Tartu linn, Aardla tänav T23", "adrid": 3034561, "adsoid": "CU00493559", "mk": "Tartu maakond", "ov": "Tartu linn", "ay": "Tartu linn", "www": null, "url": null, "email": null, "telefon": null, "allikas": "Transpordiamet.Ühistranspordi infosüsteem", "andmeseis": "11.01.2021", "poi_id": 80916, "id": "24710", "vid": "7820022-1", "tyyp": 101204, "x": 659173, "y": 6471542, "pikkus": 26.7196715, "laius": 58.3553663, "kiht": "hp_bussipeatus" }, "geometry": { "type": "Point", "coordinates": [ 26.71967145673468, 58.355366251572249 ] } },
{ "type": "Feature", "properties": { "fid": 15645, "nimi": "Ropkamõisa", "alias": null, "ylemgrupp": "Transport", "grupp": "peatus", "alamgrupp": "bussipeatus", "tyypnimi": "bussipeatus", "aadress": "Tartu maakond, Tartu linn, Tartu linn, Aardla tänav T1", "adrid": 3028239, "adsoid": "CU00494354", "mk": "Tartu maakond", "ov": "Tartu linn", "ay": "Tartu linn", "www": null, "url": null, "email": null, "telefon": null, "allikas": "Transpordiamet.Ühistranspordi infosüsteem", "andmeseis": "11.01.2021", "poi_id": 88696, "id": "26512", "vid": "7820230-1", "tyyp": 101204, "x": 659712, "y": 6471616, "pikkus": 26.7289206, "laius": 58.3558369, "kiht": "hp_bussipeatus" }, "geometry": { "type": "Point", "coordinates": [ 26.728920561264612, 58.355836883503912 ] } },
{ "type": "Feature", "properties": { "fid": 15686, "nimi": "Raudtee II", "alias": null, "ylemgrupp": "Transport", "grupp": "peatus", "alamgrupp": "bussipeatus", "tyypnimi": "bussipeatus", "aadress": "Tartu maakond, Tartu linn, Tartu linn, Aardla tänav T35", "adrid": 3032822, "adsoid": "CU00489591", "mk": "Tartu maakond", "ov": "Tartu linn", "ay": "Tartu linn", "www": null, "url": null, "email": null, "telefon": null, "allikas": "Transpordiamet.Ühistranspordi infosüsteem", "andmeseis": "03.01.2021", "poi_id": 81614, "id": "26386", "vid": "7820205-1", "tyyp": 101204, "x": 658463, "y": 6471432, "pikkus": 26.7074719, "laius": 58.3546444, "kiht": "hp_bussipeatus" }, "geometry": { "type": "Point", "coordinates": [ 26.707471857063378, 58.354644377813777 ] } },
{ "type": "Feature", "properties": { "fid": 15687, "nimi": "Raudtee III", "alias": null, "ylemgrupp": "Transport", "grupp": "peatus", "alamgrupp": "bussipeatus", "tyypnimi": "bussipeatus", "aadress": "Tartu maakond, Tartu linn, Tartu linn, Aardla tänav T35", "adrid": 3032822, "adsoid": "CU00489591", "mk": "Tartu maakond", "ov": "Tartu linn", "ay": "Tartu linn", "www": null, "url": null, "email": null, "telefon": null, "allikas": "Transpordiamet.Ühistranspordi infosüsteem", "andmeseis": "11.01.2021", "poi_id": 88234, "id": "26385", "vid": "7820204-1", "tyyp": 101204, "x": 658440, "y": 6471435, "pikkus": 26.707084, "laius": 58.3546742, "kiht": "hp_bussipeatus" }, "geometry": { "type": "Point", "coordinates": [ 26.707084036155802, 58.354674175650551 ] } },
{ "type": "Feature", "properties": { "fid": 15855, "nimi": "FI", "alias": null, "ylemgrupp": "Transport", "grupp": "peatus", "alamgrupp": "bussipeatus", "tyypnimi": "bussipeatus", "aadress": "Tartu maakond, Tartu linn, Tartu linn, Aardla tänav T115", "adrid": 3032489, "adsoid": "CU00490361", "mk": "Tartu maakond", "ov": "Tartu linn", "ay": "Tartu linn", "www": null, "url": null, "email": null, "telefon": null, "allikas": "Transpordiamet.Ühistranspordi infosüsteem", "andmeseis": "20.12.2020", "poi_id": 85227, "id": "125616", "vid": "7820035-2", "tyyp": 101204, "x": 656906, "y": 6471226, "pikkus": 26.6807574, "laius": 58.3533549, "kiht": "hp_bussipeatus" }, "geometry": { "type": "Point", "coordinates": [ 26.680757428871619, 58.353354933497315 ] } },
{ "type": "Feature", "properties": { "fid": 15856, "nimi": "FI", "alias": null, "ylemgrupp": "Transport", "grupp": "peatus", "alamgrupp": "bussipeatus", "tyypnimi": "bussipeatus", "aadress": "Tartu maakond, Tartu linn, Tartu linn, Aardla tänav T115", "adrid": 3032489, "adsoid": "CU00490361", "mk": "Tartu maakond", "ov": "Tartu linn", "ay": "Tartu linn", "www": null, "url": null, "email": null, "telefon": null, "allikas": "Transpordiamet.Ühistranspordi infosüsteem", "andmeseis": "16.04.2023", "poi_id": 94020, "id": "24722", "vid": "7820036-1", "tyyp": 101204, "x": 656910, "y": 6471241, "pikkus": 26.6808457, "laius": 58.353491, "kiht": "hp_bussipeatus" }, "geometry": { "type": "Point", "coordinates": [ 26.680845729853868, 58.353491006553604 ] } },
{ "type": "Feature", "properties": { "fid": 15857, "nimi": "Teaduspark", "alias": null, "ylemgrupp": "Transport", "grupp": "peatus", "alamgrupp": "bussipeatus", "tyypnimi": "bussipeatus", "aadress": "Tartu maakond, Tartu linn, Tartu linn, Riia tänav T179", "adrid": 3033762, "adsoid": "CU03487741", "mk": "Tartu maakond", "ov": "Tartu linn", "ay": "Tartu linn", "www": null, "url": null, "email": null, "telefon": null, "allikas": "Transpordiamet.Ühistranspordi infosüsteem", "andmeseis": "23.04.2023", "poi_id": 89971, "id": "25601", "vid": "7820276-1", "tyyp": 101204, "x": 656804, "y": 6471408, "pikkus": 26.6791403, "laius": 58.355021, "kiht": "hp_bussipeatus" }, "geometry": { "type": "Point", "coordinates": [ 26.679140309966066, 58.355020967742078 ] } },
{ "type": "Feature", "properties": { "fid": 15858, "nimi": "Puidu", "alias": null, "ylemgrupp": "Transport", "grupp": "peatus", "alamgrupp": "bussipeatus", "tyypnimi": "bussipeatus", "aadress": "Tartu maakond, Tartu linn, Tartu linn, Puidu tänav T1", "adrid": 3034252, "adsoid": "CU00486981", "mk": "Tartu maakond", "ov": "Tartu linn", "ay": "Tartu linn", "www": null, "url": null, "email": null, "telefon": null, "allikas": "Transpordiamet.Ühistranspordi infosüsteem", "andmeseis": "11.01.2021", "poi_id": 157729, "id": "144465", "vid": "7820361-1", "tyyp": 101204, "x": 656699, "y": 6475430, "pikkus": 26.6800894, "laius": 58.3911417, "kiht": "hp_bussipeatus" }, "geometry": { "type": "Point", "coordinates": [ 26.680089418871916, 58.391141710242898 ] } },
{ "type": "Feature", "properties": { "fid": 16277, "nimi": "Pikk", "alias": null, "ylemgrupp": "Transport", "grupp": "peatus", "alamgrupp": "bussipeatus", "tyypnimi": "bussipeatus", "aadress": "Tartu maakond, Tartu linn, Tartu linn, Pikk tänav T57", "adrid": 3022116, "adsoid": "CU00496860", "mk": "Tartu maakond", "ov": "Tartu linn", "ay": "Tartu linn", "www": null, "url": null, "email": null, "telefon": null, "allikas": "Transpordiamet.Ühistranspordi infosüsteem", "andmeseis": "09.05.2023", "poi_id": 83937, "id": "26243", "vid": "7820186-1", "tyyp": 101204, "x": 660123, "y": 6474369, "pikkus": 26.7378627, "laius": 58.3803855, "kiht": "hp_bussipeatus" }, "geometry": { "type": "Point", "coordinates": [ 26.737862744322946, 58.380385518962775 ] } },
{ "type": "Feature", "properties": { "fid": 16278, "nimi": "Anne", "alias": null, "ylemgrupp": "Transport", "grupp": "peatus", "alamgrupp": "bussipeatus", "tyypnimi": "bussipeatus", "aadress": "Tartu maakond, Tartu linn, Tartu linn, Sõpruse puiestee T11", "adrid": 3022114, "adsoid": "CU02009588", "mk": "Tartu maakond", "ov": "Tartu linn", "ay": "Tartu linn", "www": null, "url": null, "email": null, "telefon": null, "allikas": "Transpordiamet.Ühistranspordi infosüsteem", "andmeseis": "09.05.2023", "poi_id": 83069, "id": "26853", "vid": "7820011-1", "tyyp": 101204, "x": 660892, "y": 6474036, "pikkus": 26.7507476, "laius": 58.3771135, "kiht": "hp_bussipeatus" }, "geometry": { "type": "Point", "coordinates": [ 26.75074759404712, 58.377113452334179 ] } },
{ "type": "Feature", "properties": { "fid": 16279, "nimi": "Kaunase puiestee", "alias": null, "ylemgrupp": "Transport", "grupp": "peatus", "alamgrupp": "bussipeatus", "tyypnimi": "bussipeatus", "aadress": "Tartu maakond, Tartu linn, Tartu linn, Kalda tee 28a // Kaunase puiestee T5", "adrid": 3055741, "adsoid": "CU01988083", "mk": "Tartu maakond", "ov": "Tartu linn", "ay": "Tartu linn", "www": null, "url": null, "email": null, "telefon": null, "allikas": "Transpordiamet.Ühistranspordi infosüsteem", "andmeseis": "11.01.2021", "poi_id": 86070, "id": "24872", "vid": "7820086-1", "tyyp": 101204, "x": 661839, "y": 6473454, "pikkus": 26.766518, "laius": 58.3715483, "kiht": "hp_bussipeatus" }, "geometry": { "type": "Point", "coordinates": [ 26.766517982445894, 58.371548335932246 ] } },
{ "type": "Feature", "properties": { "fid": 16280, "nimi": "Näituse", "alias": null, "ylemgrupp": "Transport", "grupp": "peatus", "alamgrupp": "bussipeatus", "tyypnimi": "bussipeatus", "aadress": "Tartu maakond, Tartu linn, Tartu linn, Näituse tänav T7", "adrid": 3037980, "adsoid": "CU00611477", "mk": "Tartu maakond", "ov": "Tartu linn", "ay": "Tartu linn", "www": null, "url": null, "email": null, "telefon": null, "allikas": "Transpordiamet.Ühistranspordi infosüsteem", "andmeseis": "27.12.2020", "poi_id": 81335, "id": "123047", "vid": "7820167-1", "tyyp": 101204, "x": 658412, "y": 6474138, "pikkus": 26.7084644, "laius": 58.3789342, "kiht": "hp_bussipeatus" }, "geometry": { "type": "Point", "coordinates": [ 26.708464359056237, 58.378934159805993 ] } },
{ "type": "Feature", "properties": { "fid": 16281, "nimi": "Tervishoiu", "alias": null, "ylemgrupp": "Transport", "grupp": "peatus", "alamgrupp": "bussipeatus", "tyypnimi": "bussipeatus", "aadress": "Tartu maakond, Tartu linn, Tartu linn, Ludvig Puusepa tänav T27", "adrid": 3032826, "adsoid": "CU00488107", "mk": "Tartu maakond", "ov": "Tartu linn", "ay": "Tartu linn", "www": null, "url": null, "email": null, "telefon": null, "allikas": "Transpordiamet.Ühistranspordi infosüsteem", "andmeseis": "27.12.2020", "poi_id": 93228, "id": "26117", "vid": "7820283-1", "tyyp": 101204, "x": 657928, "y": 6473475, "pikkus": 26.6997551, "laius": 58.3731641, "kiht": "hp_bussipeatus" }, "geometry": { "type": "Point", "coordinates": [ 26.699755112196556, 58.373164129644806 ] } },
{ "type": "Feature", "properties": { "fid": 16282, "nimi": "Kruusamäe", "alias": null, "ylemgrupp": "Transport", "grupp": "peatus", "alamgrupp": "bussipeatus", "tyypnimi": "bussipeatus", "aadress": "Tartu maakond, Tartu linn, Tartu linn, Kruusamäe tänav T21", "adrid": 3030720, "adsoid": "CU01994405", "mk": "Tartu maakond", "ov": "Tartu linn", "ay": "Tartu linn", "www": null, "url": null, "email": null, "telefon": null, "allikas": "Transpordiamet.Ühistranspordi infosüsteem", "andmeseis": "11.01.2021", "poi_id": 80109, "id": "25022", "vid": "7820109-1", "tyyp": 101204, "x": 659266, "y": 6476321, "pikkus": 26.7245812, "laius": 58.3982075, "kiht": "hp_bussipeatus" }, "geometry": { "type": "Point", "coordinates": [ 26.724581167313797, 58.398207535583595 ] } },
{ "type": "Feature", "properties": { "fid": 16283, "nimi": "Raadi", "alias": null, "ylemgrupp": "Transport", "grupp": "peatus", "alamgrupp": "bussipeatus", "tyypnimi": "bussipeatus", "aadress": "Tartu maakond, Tartu linn, Tartu linn, Kruusamäe tänav T1", "adrid": 3032091, "adsoid": "CU01994337", "mk": "Tartu maakond", "ov": "Tartu linn", "ay": "Tartu linn", "www": null, "url": null, "email": null, "telefon": null, "allikas": "Transpordiamet.Ühistranspordi infosüsteem", "andmeseis": "11.01.2021", "poi_id": 85836, "id": "26374", "vid": "7820193-1", "tyyp": 101204, "x": 659650, "y": 6476162, "pikkus": 26.7310239, "laius": 58.39664, "kiht": "hp_bussipeatus" }, "geometry": { "type": "Point", "coordinates": [ 26.73102386159205, 58.396639994159706 ] } },
{ "type": "Feature", "properties": { "fid": 16284, "nimi": "Raeplats", "alias": null, "ylemgrupp": "Transport", "grupp": "peatus", "alamgrupp": "bussipeatus", "tyypnimi": "bussipeatus", "aadress": "Tartu maakond, Tartu linn, Tartu linn, Vabaduse puiestee T3", "adrid": 3033773, "adsoid": "CU03560769", "mk": "Tartu maakond", "ov": "Tartu linn", "ay": "Tartu linn", "www": null, "url": null, "email": null, "telefon": null, "allikas": "Transpordiamet.Ühistranspordi infosüsteem", "andmeseis": "03.01.2021", "poi_id": 88777, "id": "26377", "vid": "7820196-1", "tyyp": 101204, "x": 659357, "y": 6474422, "pikkus": 26.7248057, "laius": 58.3811397, "kiht": "hp_bussipeatus" }, "geometry": { "type": "Point", "coordinates": [ 26.724805723745625, 58.381139653543983 ] } },
{ "type": "Feature", "properties": { "fid": 16285, "nimi": "Palmihoone", "alias": null, "ylemgrupp": "Transport", "grupp": "peatus", "alamgrupp": "bussipeatus", "tyypnimi": "bussipeatus", "aadress": "Tartu maakond, Tartu linn, Tartu linn, Vabaduse puiestee T3", "adrid": 3033773, "adsoid": "CU03560769", "mk": "Tartu maakond", "ov": "Tartu linn", "ay": "Tartu linn", "www": null, "url": null, "email": null, "telefon": null, "allikas": "Transpordiamet.Ühistranspordi infosüsteem", "andmeseis": "16.07.2023", "poi_id": 81356, "id": "26235", "vid": "7820176-1", "tyyp": 101204, "x": 659263, "y": 6474693, "pikkus": 26.7233927, "laius": 58.3836047, "kiht": "hp_bussipeatus" }, "geometry": { "type": "Point", "coordinates": [ 26.723392661207505, 58.383604699435558 ] } },
{ "type": "Feature", "properties": { "fid": 16286, "nimi": "Narvamäe", "alias": null, "ylemgrupp": "Transport", "grupp": "peatus", "alamgrupp": "bussipeatus", "tyypnimi": "bussipeatus", "aadress": "Tartu maakond, Tartu linn, Tartu linn, Puiestee tänav T49", "adrid": 3034563, "adsoid": "CU00496296", "mk": "Tartu maakond", "ov": "Tartu linn", "ay": "Tartu linn", "www": null, "url": null, "email": null, "telefon": null, "allikas": "Transpordiamet.Ühistranspordi infosüsteem", "andmeseis": "09.05.2023", "poi_id": 88740, "id": "26670", "vid": "7820161-1", "tyyp": 101204, "x": 659655, "y": 6475298, "pikkus": 26.7305139, "laius": 58.3888888, "kiht": "hp_bussipeatus" }, "geometry": { "type": "Point", "coordinates": [ 26.730513930889686, 58.388888829630332 ] } },
{ "type": "Feature", "properties": { "fid": 16287, "nimi": "Välja", "alias": null, "ylemgrupp": "Transport", "grupp": "peatus", "alamgrupp": "bussipeatus", "tyypnimi": "bussipeatus", "aadress": "Tartu maakond, Tartu linn, Tartu linn, Põllu tänav T1", "adrid": 3022115, "adsoid": "CU00495584", "mk": "Tartu maakond", "ov": "Tartu linn", "ay": "Tartu linn", "www": null, "url": null, "email": null, "telefon": null, "allikas": "Transpordiamet.Ühistranspordi infosüsteem", "andmeseis": "27.12.2020", "poi_id": 157701, "id": "144359", "vid": "7820368-1", "tyyp": 101204, "x": 658656, "y": 6476500, "pikkus": 26.7142733, "laius": 58.4000384, "kiht": "hp_bussipeatus" }, "geometry": { "type": "Point", "coordinates": [ 26.714273335137548, 58.400038370299541 ] } },
{ "type": "Feature", "properties": { "fid": 16288, "nimi": "Sinepi", "alias": null, "ylemgrupp": "Transport", "grupp": "peatus", "alamgrupp": "bussipeatus", "tyypnimi": "bussipeatus", "aadress": "Tartu maakond, Tartu linn, Tartu linn, Vahi tänav T61", "adrid": 3036412, "adsoid": "CU02326876", "mk": "Tartu maakond", "ov": "Tartu linn", "ay": "Tartu linn", "www": null, "url": null, "email": null, "telefon": null, "allikas": "Transpordiamet.Ühistranspordi infosüsteem", "andmeseis": "18.08.2020", "poi_id": 157705, "id": "144380", "vid": "7820364-1", "tyyp": 101204, "x": 658743, "y": 6476798, "pikkus": 26.7159602, "laius": 58.4026746, "kiht": "hp_bussipeatus" }, "geometry": { "type": "Point", "coordinates": [ 26.715960157847672, 58.402674605454287 ] } },
{ "type": "Feature", "properties": { "fid": 16289, "nimi": "Salvest", "alias": null, "ylemgrupp": "Transport", "grupp": "peatus", "alamgrupp": "bussipeatus", "tyypnimi": "bussipeatus", "aadress": "Tartu maakond, Tartu linn, Tartu linn, Aruküla tee T1", "adrid": 3032733, "adsoid": "CU02010035", "mk": "Tartu maakond", "ov": "Tartu linn", "ay": "Tartu linn", "www": null, "url": null, "email": null, "telefon": null, "allikas": "Transpordiamet.Ühistranspordi infosüsteem", "andmeseis": "05.11.2023", "poi_id": 84306, "id": "26514", "vid": "7820232-1", "tyyp": 101204, "x": 658355, "y": 6476319, "pikkus": 26.7090109, "laius": 58.398523, "kiht": "hp_bussipeatus" }, "geometry": { "type": "Point", "coordinates": [ 26.709010921967213, 58.398522971792772 ] } },
{ "type": "Feature", "properties": { "fid": 16290, "nimi": "Kesa", "alias": null, "ylemgrupp": "Transport", "grupp": "peatus", "alamgrupp": "bussipeatus", "tyypnimi": "bussipeatus", "aadress": "Tartu maakond, Tartu linn, Tartu linn, Kopli tänav T11", "adrid": 3030695, "adsoid": "CU00610478", "mk": "Tartu maakond", "ov": "Tartu linn", "ay": "Tartu linn", "www": null, "url": null, "email": null, "telefon": null, "allikas": "Transpordiamet.Ühistranspordi infosüsteem", "andmeseis": "05.11.2023", "poi_id": 86614, "id": "128643", "vid": "7820229-2", "tyyp": 101204, "x": 658339, "y": 6470749, "pikkus": 26.7048928, "laius": 58.3485593, "kiht": "hp_bussipeatus" }, "geometry": { "type": "Point", "coordinates": [ 26.704892849890307, 58.348559323149495 ] } },
{ "type": "Feature", "properties": { "fid": 16291, "nimi": "Lõkketule", "alias": null, "ylemgrupp": "Transport", "grupp": "peatus", "alamgrupp": "bussipeatus", "tyypnimi": "bussipeatus", "aadress": "Tartu maakond, Tartu linn, Tartu linn, Kasesalu tänav T1", "adrid": 3024549, "adsoid": "CU00499062", "mk": "Tartu maakond", "ov": "Tartu linn", "ay": "Tartu linn", "www": null, "url": null, "email": null, "telefon": null, "allikas": "Transpordiamet.Ühistranspordi infosüsteem", "andmeseis": "05.11.2023", "poi_id": 84231, "id": "25471", "vid": "7820136-1", "tyyp": 101204, "x": 662905, "y": 6470655, "pikkus": 26.7827335, "laius": 58.3460433, "kiht": "hp_bussipeatus" }, "geometry": { "type": "Point", "coordinates": [ 26.782733524312274, 58.346043288508163 ] } },
{ "type": "Feature", "properties": { "fid": 16292, "nimi": "Postimaja", "alias": null, "ylemgrupp": "Transport", "grupp": "peatus", "alamgrupp": "bussipeatus", "tyypnimi": "bussipeatus", "aadress": "Tartu maakond, Tartu linn, Tartu linn, Võru tänav T163", "adrid": 3024483, "adsoid": "CU01829770", "mk": "Tartu maakond", "ov": "Tartu linn", "ay": "Tartu linn", "www": null, "url": null, "email": null, "telefon": null, "allikas": "Transpordiamet.Ühistranspordi infosüsteem", "andmeseis": "27.12.2020", "poi_id": 91794, "id": "128367", "vid": "7820317-1", "tyyp": 101204, "x": 658938, "y": 6470404, "pikkus": 26.714881, "laius": 58.3452509, "kiht": "hp_bussipeatus" }, "geometry": { "type": "Point", "coordinates": [ 26.714881002848898, 58.345250923126521 ] } },
{ "type": "Feature", "properties": { "fid": 17556, "nimi": "Saekoja", "alias": null, "ylemgrupp": "Transport", "grupp": "peatus", "alamgrupp": "bussipeatus", "tyypnimi": "bussipeatus", "aadress": "Tartu maakond, Tartu linn, Tartu linn, Kalevi tänav T109", "adrid": 3036372, "adsoid": "CU00492558", "mk": "Tartu maakond", "ov": "Tartu linn", "ay": "Tartu linn", "www": null, "url": null, "email": null, "telefon": null, "allikas": "Transpordiamet.Ühistranspordi infosüsteem", "andmeseis": "11.01.2021", "poi_id": 158195, "id": "145561", "vid": "7820370-1", "tyyp": 101204, "x": 660012, "y": 6472488, "pikkus": 26.7346507, "laius": 58.363553, "kiht": "hp_bussipeatus" }, "geometry": { "type": "Point", "coordinates": [ 26.734650724100891, 58.363553000688796 ] } },
{ "type": "Feature", "properties": { "fid": 17557, "nimi": "Raua", "alias": null, "ylemgrupp": "Transport", "grupp": "peatus", "alamgrupp": "bussipeatus", "tyypnimi": "bussipeatus", "aadress": "Tartu maakond, Tartu linn, Tartu linn, Raua tänav T13", "adrid": 3036350, "adsoid": "CU00492770", "mk": "Tartu maakond", "ov": "Tartu linn", "ay": "Tartu linn", "www": null, "url": null, "email": null, "telefon": null, "allikas": "Transpordiamet.Ühistranspordi infosüsteem", "andmeseis": "09.05.2023", "poi_id": 92109, "id": "26383", "vid": "7820202-1", "tyyp": 101204, "x": 660114, "y": 6472538, "pikkus": 26.7364269, "laius": 58.363961, "kiht": "hp_bussipeatus" }, "geometry": { "type": "Point", "coordinates": [ 26.736426925011518, 58.363960974199173 ] } },
{ "type": "Feature", "properties": { "fid": 17558, "nimi": "Kuu", "alias": null, "ylemgrupp": "Transport", "grupp": "peatus", "alamgrupp": "bussipeatus", "tyypnimi": "bussipeatus", "aadress": "Tartu maakond, Tartu linn, Tartu linn, Raua tänav T1", "adrid": 3028291, "adsoid": "CU00492704", "mk": "Tartu maakond", "ov": "Tartu linn", "ay": "Tartu linn", "www": null, "url": null, "email": null, "telefon": null, "allikas": "Transpordiamet.Ühistranspordi infosüsteem", "andmeseis": "03.01.2021", "poi_id": 87921, "id": "25029", "vid": "7820115-1", "tyyp": 101204, "x": 660092, "y": 6472828, "pikkus": 26.7362475, "laius": 58.3665764, "kiht": "hp_bussipeatus" }, "geometry": { "type": "Point", "coordinates": [ 26.73624753964501, 58.366576394294988 ] } },
{ "type": "Feature", "properties": { "fid": 17673, "nimi": "Prisma", "alias": null, "ylemgrupp": "Transport", "grupp": "peatus", "alamgrupp": "bussipeatus", "tyypnimi": "bussipeatus", "aadress": "Tartu maakond, Tartu linn, Tartu linn, Nõlvaku tänav T1", "adrid": 3034609, "adsoid": "CU02137850", "mk": "Tartu maakond", "ov": "Tartu linn", "ay": "Tartu linn", "www": null, "url": null, "email": null, "telefon": null, "allikas": "Transpordiamet.Ühistranspordi infosüsteem", "andmeseis": "27.12.2020", "poi_id": 91683, "id": "26509", "vid": "7820227-1", "tyyp": 101204, "x": 662535, "y": 6473990, "pikkus": 26.7787897, "laius": 58.3760941, "kiht": "hp_bussipeatus" }, "geometry": { "type": "Point", "coordinates": [ 26.778789713192413, 58.37609411358423 ] } },
{ "type": "Feature", "properties": { "fid": 18544, "nimi": "Turu", "alias": null, "ylemgrupp": "Transport", "grupp": "peatus", "alamgrupp": "bussipeatus", "tyypnimi": "bussipeatus", "aadress": "Tartu maakond, Tartu linn, Tartu linn, Väike-Turu tänav T1", "adrid": 3025509, "adsoid": "CU01991854", "mk": "Tartu maakond", "ov": "Tartu linn", "ay": "Tartu linn", "www": null, "url": null, "email": null, "telefon": null, "allikas": "Transpordiamet.Ühistranspordi infosüsteem", "andmeseis": "09.05.2023", "poi_id": 84012, "id": "26123", "vid": "7820289-1", "tyyp": 101204, "x": 659892, "y": 6474097, "pikkus": 26.7337155, "laius": 58.3780267, "kiht": "hp_bussipeatus" }, "geometry": { "type": "Point", "coordinates": [ 26.733715549398216, 58.378026658420801 ] } },
{ "type": "Feature", "properties": { "fid": 18627, "nimi": "Eha", "alias": null, "ylemgrupp": "Transport", "grupp": "peatus", "alamgrupp": "bussipeatus", "tyypnimi": "bussipeatus", "aadress": "Tartu maakond, Tartu linn, Tartu linn, Tähe tänav T19", "adrid": 3037324, "adsoid": "CU00609248", "mk": "Tartu maakond", "ov": "Tartu linn", "ay": "Tartu linn", "www": null, "url": null, "email": null, "telefon": null, "allikas": "Transpordiamet.Ühistranspordi infosüsteem", "andmeseis": "05.11.2023", "poi_id": 86933, "id": "24726", "vid": "7820077-1", "tyyp": 101204, "x": 659583, "y": 6473168, "pikkus": 26.7277941, "laius": 58.3698113, "kiht": "hp_bussipeatus" }, "geometry": { "type": "Point", "coordinates": [ 26.727794075336291, 58.369811342874478 ] } },
{ "type": "Feature", "properties": { "fid": 18655, "nimi": "Mõisapargi", "alias": null, "ylemgrupp": "Transport", "grupp": "peatus", "alamgrupp": "bussipeatus", "tyypnimi": "bussipeatus", "aadress": "Tartu maakond, Tartu linn, Tartu linn, Vahi tänav T33", "adrid": 3035505, "adsoid": "CU03497247", "mk": "Tartu maakond", "ov": "Tartu linn", "ay": "Tartu linn", "www": null, "url": null, "email": null, "telefon": null, "allikas": "Transpordiamet.Ühistranspordi infosüsteem", "andmeseis": "09.05.2023", "poi_id": 81039, "id": "33522", "vid": "7820153-1", "tyyp": 101204, "x": 659407, "y": 6476619, "pikkus": 26.7271941, "laius": 58.4008312, "kiht": "hp_bussipeatus" }, "geometry": { "type": "Point", "coordinates": [ 26.72719412496004, 58.400831244061706 ] } },
{ "type": "Feature", "properties": { "fid": 18656, "nimi": "Killustiku", "alias": null, "ylemgrupp": "Transport", "grupp": "peatus", "alamgrupp": "bussipeatus", "tyypnimi": "bussipeatus", "aadress": "Tartu maakond, Tartu linn, Tartu linn, Vahi tänav T9", "adrid": 3022313, "adsoid": "CU02326877", "mk": "Tartu maakond", "ov": "Tartu linn", "ay": "Tartu linn", "www": null, "url": null, "email": null, "telefon": null, "allikas": "Transpordiamet.Ühistranspordi infosüsteem", "andmeseis": "09.05.2023", "poi_id": 93026, "id": "33514", "vid": "7820090-1", "tyyp": 101204, "x": 659779, "y": 6476303, "pikkus": 26.7333253, "laius": 58.3978639, "kiht": "hp_bussipeatus" }, "geometry": { "type": "Point", "coordinates": [ 26.733325296139903, 58.397863869463706 ] } },
{ "type": "Feature", "properties": { "fid": 18660, "nimi": "Kvissentali", "alias": null, "ylemgrupp": "Transport", "grupp": "peatus", "alamgrupp": "bussipeatus", "tyypnimi": "bussipeatus", "aadress": "Tartu maakond, Tartu linn, Tartu linn, Madruse tänav T1", "adrid": 3405163, "adsoid": "CU01953640", "mk": "Tartu maakond", "ov": "Tartu linn", "ay": "Tartu linn", "www": null, "url": null, "email": null, "telefon": null, "allikas": "Transpordiamet.Ühistranspordi infosüsteem", "andmeseis": "18.08.2020", "poi_id": 86679, "id": "25030", "vid": "7820116-1", "tyyp": 101204, "x": 657593, "y": 6477180, "pikkus": 26.6965782, "laius": 58.4065178, "kiht": "hp_bussipeatus" }, "geometry": { "type": "Point", "coordinates": [ 26.696578249639156, 58.406517818446538 ] } },
{ "type": "Feature", "properties": { "fid": 18661, "nimi": "Kvissentali tee", "alias": null, "ylemgrupp": "Transport", "grupp": "peatus", "alamgrupp": "bussipeatus", "tyypnimi": "bussipeatus", "aadress": "Tartu maakond, Tartu linn, Tartu linn, Aruküla tee T1", "adrid": 3032733, "adsoid": "CU02010035", "mk": "Tartu maakond", "ov": "Tartu linn", "ay": "Tartu linn", "www": null, "url": null, "email": null, "telefon": null, "allikas": "Transpordiamet.Ühistranspordi infosüsteem", "andmeseis": "09.05.2023", "poi_id": 82520, "id": "20025", "vid": "7820117-1", "tyyp": 101204, "x": 658276, "y": 6477187, "pikkus": 26.7082609, "laius": 58.4063374, "kiht": "hp_bussipeatus" }, "geometry": { "type": "Point", "coordinates": [ 26.708260905615766, 58.406337411380235 ] } },
{ "type": "Feature", "properties": { "fid": 18664, "nimi": "Aiandi", "alias": null, "ylemgrupp": "Transport", "grupp": "peatus", "alamgrupp": "bussipeatus", "tyypnimi": "bussipeatus", "aadress": "Tartu maakond, Tartu linn, Tartu linn, Puiestee tänav T5", "adrid": 3029938, "adsoid": "CU00496071", "mk": "Tartu maakond", "ov": "Tartu linn", "ay": "Tartu linn", "www": null, "url": null, "email": null, "telefon": null, "allikas": "Transpordiamet.Ühistranspordi infosüsteem", "andmeseis": "27.12.2020", "poi_id": 93350, "id": "26848", "vid": "7820004-1", "tyyp": 101204, "x": 658784, "y": 6475877, "pikkus": 26.7160296, "laius": 58.3944034, "kiht": "hp_bussipeatus" }, "geometry": { "type": "Point", "coordinates": [ 26.716029635528265, 58.394403433862642 ] } },
{ "type": "Feature", "properties": { "fid": 18665, "nimi": "Kopli", "alias": null, "ylemgrupp": "Transport", "grupp": "peatus", "alamgrupp": "bussipeatus", "tyypnimi": "bussipeatus", "aadress": "Tartu maakond, Tartu linn, Tartu linn, Kopli tänav T11", "adrid": 3030695, "adsoid": "CU00610478", "mk": "Tartu maakond", "ov": "Tartu linn", "ay": "Tartu linn", "www": null, "url": null, "email": null, "telefon": null, "allikas": "Transpordiamet.Ühistranspordi infosüsteem", "andmeseis": "09.05.2023", "poi_id": 85712, "id": "116720", "vid": "7820098-1", "tyyp": 101204, "x": 658631, "y": 6470764, "pikkus": 26.7098912, "laius": 58.3485892, "kiht": "hp_bussipeatus" }, "geometry": { "type": "Point", "coordinates": [ 26.709891177389647, 58.348589158337695 ] } },
{ "type": "Feature", "properties": { "fid": 18709, "nimi": "Riia", "alias": null, "ylemgrupp": "Transport", "grupp": "peatus", "alamgrupp": "bussipeatus", "tyypnimi": "bussipeatus", "aadress": "Tartu maakond, Tartu linn, Tartu linn, Kastani tänav T105", "adrid": 3030759, "adsoid": "CU00490756", "mk": "Tartu maakond", "ov": "Tartu linn", "ay": "Tartu linn", "www": null, "url": null, "email": null, "telefon": null, "allikas": "Transpordiamet.Ühistranspordi infosüsteem", "andmeseis": "09.05.2023", "poi_id": 83004, "id": "26394", "vid": "7820216-1", "tyyp": 101204, "x": 658900, "y": 6473147, "pikkus": 26.7161222, "laius": 58.3698686, "kiht": "hp_bussipeatus" }, "geometry": { "type": "Point", "coordinates": [ 26.716122200941903, 58.369868574609029 ] } },
{ "type": "Feature", "properties": { "fid": 18710, "nimi": "Kaubajaam", "alias": null, "ylemgrupp": "Transport", "grupp": "peatus", "alamgrupp": "bussipeatus", "tyypnimi": "bussipeatus", "aadress": "Tartu maakond, Tartu linn, Tartu linn, Lembitu tänav T1", "adrid": 3025490, "adsoid": "CU00488141", "mk": "Tartu maakond", "ov": "Tartu linn", "ay": "Tartu linn", "www": null, "url": null, "email": null, "telefon": null, "allikas": "Transpordiamet.Ühistranspordi infosüsteem", "andmeseis": "11.01.2021", "poi_id": 82580, "id": "24733", "vid": "7820083-1", "tyyp": 101204, "x": 658393, "y": 6473110, "pikkus": 26.7074461, "laius": 58.3697245, "kiht": "hp_bussipeatus" }, "geometry": { "type": "Point", "coordinates": [ 26.707446135815339, 58.369724533899458 ] } },
{ "type": "Feature", "properties": { "fid": 18711, "nimi": "Polikliiniku", "alias": null, "ylemgrupp": "Transport", "grupp": "peatus", "alamgrupp": "bussipeatus", "tyypnimi": "bussipeatus", "aadress": "Tartu maakond, Tartu linn, Tartu linn, Lembitu tänav T3", "adrid": 3025489, "adsoid": "CU00488157", "mk": "Tartu maakond", "ov": "Tartu linn", "ay": "Tartu linn", "www": null, "url": null, "email": null, "telefon": null, "allikas": "Transpordiamet.Ühistranspordi infosüsteem", "andmeseis": "11.01.2021", "poi_id": 84994, "id": "26245", "vid": "7820188-1", "tyyp": 101204, "x": 658162, "y": 6472946, "pikkus": 26.7033867, "laius": 58.3683334, "kiht": "hp_bussipeatus" }, "geometry": { "type": "Point", "coordinates": [ 26.703386667278171, 58.368333442874103 ] } },
{ "type": "Feature", "properties": { "fid": 18713, "nimi": "Tehnoloogiainstituut", "alias": null, "ylemgrupp": "Transport", "grupp": "peatus", "alamgrupp": "bussipeatus", "tyypnimi": "bussipeatus", "aadress": "Tartu maakond, Tartu linn, Tartu linn, Ravila tänav T17", "adrid": 3035767, "adsoid": "CU00488052", "mk": "Tartu maakond", "ov": "Tartu linn", "ay": "Tartu linn", "www": null, "url": null, "email": null, "telefon": null, "allikas": "Transpordiamet.Ühistranspordi infosüsteem", "andmeseis": "27.12.2020", "poi_id": 83316, "id": "33507", "vid": "7820281-1", "tyyp": 101204, "x": 657667, "y": 6472735, "pikkus": 26.6947884, "laius": 58.3666206, "kiht": "hp_bussipeatus" }, "geometry": { "type": "Point", "coordinates": [ 26.694788435931315, 58.366620608900391 ] } },
{ "type": "Feature", "properties": { "fid": 18714, "nimi": "Külmhoone", "alias": null, "ylemgrupp": "Transport", "grupp": "peatus", "alamgrupp": "bussipeatus", "tyypnimi": "bussipeatus", "aadress": "Tartu maakond, Tartu linn, Tartu linn, Kastani tänav T105", "adrid": 3030759, "adsoid": "CU00490756", "mk": "Tartu maakond", "ov": "Tartu linn", "ay": "Tartu linn", "www": null, "url": null, "email": null, "telefon": null, "allikas": "Transpordiamet.Ühistranspordi infosüsteem", "andmeseis": "11.01.2021", "poi_id": 93806, "id": "25033", "vid": "7820120-1", "tyyp": 101204, "x": 659119, "y": 6472893, "pikkus": 26.7196834, "laius": 58.3675085, "kiht": "hp_bussipeatus" }, "geometry": { "type": "Point", "coordinates": [ 26.719683390681038, 58.367508526507002 ] } },
{ "type": "Feature", "properties": { "fid": 18715, "nimi": "Linda", "alias": null, "ylemgrupp": "Transport", "grupp": "peatus", "alamgrupp": "bussipeatus", "tyypnimi": "bussipeatus", "aadress": "Tartu maakond, Tartu linn, Tartu linn, Tähe tänav T51", "adrid": 3030694, "adsoid": "CU00609253", "mk": "Tartu maakond", "ov": "Tartu linn", "ay": "Tartu linn", "www": null, "url": null, "email": null, "telefon": null, "allikas": "Transpordiamet.Ühistranspordi infosüsteem", "andmeseis": "05.11.2023", "poi_id": 157938, "id": "144828", "vid": "7820354-1", "tyyp": 101204, "x": 659707, "y": 6472871, "pikkus": 26.7297168, "laius": 58.3671024, "kiht": "hp_bussipeatus" }, "geometry": { "type": "Point", "coordinates": [ 26.729716843618689, 58.367102409912803 ] } },
{ "type": "Feature", "properties": { "fid": 18716, "nimi": "Televisiooni", "alias": null, "ylemgrupp": "Transport", "grupp": "peatus", "alamgrupp": "bussipeatus", "tyypnimi": "bussipeatus", "aadress": "Tartu maakond, Tartu linn, Tartu linn, Soinaste tänav T15", "adrid": 3034600, "adsoid": "CU00488515", "mk": "Tartu maakond", "ov": "Tartu linn", "ay": "Tartu linn", "www": null, "url": null, "email": null, "telefon": null, "allikas": "Transpordiamet.Ühistranspordi infosüsteem", "andmeseis": "11.01.2021", "poi_id": 93494, "id": "26116", "vid": "7820282-1", "tyyp": 101204, "x": 658101, "y": 6472145, "pikkus": 26.7017862, "laius": 58.3611732, "kiht": "hp_bussipeatus" }, "geometry": { "type": "Point", "coordinates": [ 26.701786234221249, 58.361173199532352 ] } },
{ "type": "Feature", "properties": { "fid": 18717, "nimi": "Käo", "alias": null, "ylemgrupp": "Transport", "grupp": "peatus", "alamgrupp": "bussipeatus", "tyypnimi": "bussipeatus", "aadress": "Tartu maakond, Tartu linn, Tartu linn, Soinaste tänav T23", "adrid": 3036357, "adsoid": "CU00489482", "mk": "Tartu maakond", "ov": "Tartu linn", "ay": "Tartu linn", "www": null, "url": null, "email": null, "telefon": null, "allikas": "Transpordiamet.Ühistranspordi infosüsteem", "andmeseis": "11.01.2021", "poi_id": 84316, "id": "25337", "vid": "7820119-1", "tyyp": 101204, "x": 658244, "y": 6471768, "pikkus": 26.7039727, "laius": 58.3577352, "kiht": "hp_bussipeatus" }, "geometry": { "type": "Point", "coordinates": [ 26.703972724704641, 58.357735208762939 ] } },
{ "type": "Feature", "properties": { "fid": 18889, "nimi": "Teaduspark", "alias": null, "ylemgrupp": "Transport", "grupp": "peatus", "alamgrupp": "bussipeatus", "tyypnimi": "bussipeatus", "aadress": "Tartu maakond, Tartu linn, Tartu linn, Riia tänav T179", "adrid": 3033762, "adsoid": "CU03487741", "mk": "Tartu maakond", "ov": "Tartu linn", "ay": "Tartu linn", "www": null, "url": null, "email": null, "telefon": null, "allikas": "Transpordiamet.Ühistranspordi infosüsteem", "andmeseis": "12.11.2023", "poi_id": 85967, "id": "26226", "vid": "7820277-1", "tyyp": 101204, "x": 656829, "y": 6471412, "pikkus": 26.6795699, "laius": 58.3550526, "kiht": "hp_bussipeatus" }, "geometry": { "type": "Point", "coordinates": [ 26.679569915859005, 58.355052557920139 ] } },
{ "type": "Feature", "properties": { "fid": 18897, "nimi": "Tref", "alias": null, "ylemgrupp": "Transport", "grupp": "peatus", "alamgrupp": "bussipeatus", "tyypnimi": "bussipeatus", "aadress": "Tartu maakond, Tartu linn, Tartu linn, Turu tänav T37", "adrid": 3032088, "adsoid": "CU01872994", "mk": "Tartu maakond", "ov": "Tartu linn", "ay": "Tartu linn", "www": null, "url": null, "email": null, "telefon": null, "allikas": "Transpordiamet.Ühistranspordi infosüsteem", "andmeseis": "12.11.2023", "poi_id": 81910, "id": "33517", "vid": "7820285-1", "tyyp": 101204, "x": 660359, "y": 6472246, "pikkus": 26.7404025, "laius": 58.3612567, "kiht": "hp_bussipeatus" }, "geometry": { "type": "Point", "coordinates": [ 26.740402456960826, 58.361256690851143 ] } },
{ "type": "Feature", "properties": { "fid": 25493, "nimi": "Hurda", "alias": null, "ylemgrupp": "Transport", "grupp": "peatus", "alamgrupp": "bussipeatus", "tyypnimi": "bussipeatus", "aadress": "Tartu maakond, Tartu linn, Tartu linn, Jakobi tänav T19", "adrid": 3022053, "adsoid": "CU01991412", "mk": "Tartu maakond", "ov": "Tartu linn", "ay": "Tartu linn", "www": null, "url": null, "email": null, "telefon": null, "allikas": "Transpordiamet.Ühistranspordi infosüsteem", "andmeseis": "09.05.2023", "poi_id": 82256, "id": "26075", "vid": "7820047-1", "tyyp": 101204, "x": 658460, "y": 6474649, "pikkus": 26.7096461, "laius": 58.3835048, "kiht": "hp_bussipeatus" }, "geometry": { "type": "Point", "coordinates": [ 26.709646084641609, 58.383504837093348 ] } },
{ "type": "Feature", "properties": { "fid": 31554, "nimi": "Ilmatsalu", "alias": null, "ylemgrupp": "Transport", "grupp": "peatus", "alamgrupp": "bussipeatus", "tyypnimi": "bussipeatus", "aadress": "Tartu maakond, Tartu linn, Tartu linn, Ilmatsalu tänav T5", "adrid": 3022121, "adsoid": "CU01700630", "mk": "Tartu maakond", "ov": "Tartu linn", "ay": "Tartu linn", "www": null, "url": null, "email": null, "telefon": null, "allikas": "Transpordiamet.Ühistranspordi infosüsteem", "andmeseis": "27.12.2020", "poi_id": 86385, "id": "24898", "vid": "7820130-1", "tyyp": 101204, "x": 657276, "y": 6473891, "pikkus": 26.6888988, "laius": 58.3771345, "kiht": "hp_bussipeatus" }, "geometry": { "type": "Point", "coordinates": [ 26.6888987625073, 58.377134516433344 ] } },
{ "type": "Feature", "properties": { "fid": 31621, "nimi": "Aura veekeskus", "alias": null, "ylemgrupp": "Transport", "grupp": "peatus", "alamgrupp": "bussipeatus", "tyypnimi": "bussipeatus", "aadress": "Tartu maakond, Tartu linn, Tartu linn, Turu tänav T1", "adrid": 3032082, "adsoid": "CU01864340", "mk": "Tartu maakond", "ov": "Tartu linn", "ay": "Tartu linn", "www": null, "url": null, "email": null, "telefon": null, "allikas": "Transpordiamet.Ühistranspordi infosüsteem", "andmeseis": "09.05.2023", "poi_id": 87432, "id": "31940", "vid": "7820021-1", "tyyp": 101204, "x": 659863, "y": 6473833, "pikkus": 26.7330458, "laius": 58.3756697, "kiht": "hp_bussipeatus" }, "geometry": { "type": "Point", "coordinates": [ 26.733045770424656, 58.375669720065702 ] } },
{ "type": "Feature", "properties": { "fid": 31629, "nimi": "Arhitekti", "alias": null, "ylemgrupp": "Transport", "grupp": "peatus", "alamgrupp": "bussipeatus", "tyypnimi": "bussipeatus", "aadress": "Tartu maakond, Tartu linn, Tartu linn, Viljandi maantee T63", "adrid": 3028288, "adsoid": "CU01979067", "mk": "Tartu maakond", "ov": "Tartu linn", "ay": "Tartu linn", "www": null, "url": null, "email": null, "telefon": null, "allikas": "Transpordiamet.Ühistranspordi infosüsteem", "andmeseis": "18.08.2020", "poi_id": 87667, "id": "24708", "vid": "7820019-1", "tyyp": 101204, "x": 656987, "y": 6472883, "pikkus": 26.6832782, "laius": 58.3681868, "kiht": "hp_bussipeatus" }, "geometry": { "type": "Point", "coordinates": [ 26.683278220935154, 58.368186778392477 ] } },
{ "type": "Feature", "properties": { "fid": 31755, "nimi": "Soola I", "alias": null, "ylemgrupp": "Transport", "grupp": "peatus", "alamgrupp": "bussipeatus", "tyypnimi": "bussipeatus", "aadress": "Tartu maakond, Tartu linn, Tartu linn, Turu tänav T1", "adrid": 3032082, "adsoid": "CU01864340", "mk": "Tartu maakond", "ov": "Tartu linn", "ay": "Tartu linn", "www": null, "url": null, "email": null, "telefon": null, "allikas": "Transpordiamet.Ühistranspordi infosüsteem", "andmeseis": "28.04.2024", "poi_id": 85579, "id": "125595", "vid": "7820249-2", "tyyp": 101204, "x": 659668, "y": 6474008, "pikkus": 26.7298244, "laius": 58.377313, "kiht": "hp_bussipeatus" }, "geometry": { "type": "Point", "coordinates": [ 26.72982439374697, 58.377312990370839 ] } },
{ "type": "Feature", "properties": { "fid": 31978, "nimi": "Soola", "alias": null, "ylemgrupp": "Transport", "grupp": "peatus", "alamgrupp": "bussipeatus", "tyypnimi": "bussipeatus", "aadress": "Tartu maakond, Tartu linn, Tartu linn, Turu tänav T1", "adrid": 3032082, "adsoid": "CU01864340", "mk": "Tartu maakond", "ov": "Tartu linn", "ay": "Tartu linn", "www": null, "url": null, "email": null, "telefon": null, "allikas": "Transpordiamet.Ühistranspordi infosüsteem", "andmeseis": "09.05.2023", "poi_id": 86318, "id": "122997", "vid": "7820248-1", "tyyp": 101204, "x": 659689, "y": 6474025, "pikkus": 26.7301977, "laius": 58.3774618, "kiht": "hp_bussipeatus" }, "geometry": { "type": "Point", "coordinates": [ 26.730197729955385, 58.377461807594095 ] } },
{ "type": "Feature", "properties": { "fid": 32179, "nimi": "Vangla", "alias": null, "ylemgrupp": "Transport", "grupp": "peatus", "alamgrupp": "bussipeatus", "tyypnimi": "bussipeatus", "aadress": "Tartu maakond, Tartu linn, Tartu linn, Turu tänav T53", "adrid": 3035732, "adsoid": "CU01873888", "mk": "Tartu maakond", "ov": "Tartu linn", "ay": "Tartu linn", "www": null, "url": null, "email": null, "telefon": null, "allikas": "Transpordiamet.Ühistranspordi infosüsteem", "andmeseis": "05.11.2023", "poi_id": 83731, "id": "33519", "vid": "7820297-1", "tyyp": 101204, "x": 660483, "y": 6470470, "pikkus": 26.7412838, "laius": 58.3452707, "kiht": "hp_bussipeatus" }, "geometry": { "type": "Point", "coordinates": [ 26.741283827590362, 58.345270734591949 ] } },
{ "type": "Feature", "properties": { "fid": 32364, "nimi": "Lammi ring", "alias": null, "ylemgrupp": "Transport", "grupp": "peatus", "alamgrupp": "bussipeatus", "tyypnimi": "bussipeatus", "aadress": "Tartu maakond, Tartu linn, Tartu linn, Lammi tänav T5", "adrid": 3024938, "adsoid": "CU03295585", "mk": "Tartu maakond", "ov": "Tartu linn", "ay": "Tartu linn", "www": null, "url": null, "email": null, "telefon": null, "allikas": "Transpordiamet.Ühistranspordi infosüsteem", "andmeseis": "11.01.2021", "poi_id": 89516, "id": "135330", "vid": "7820332-1", "tyyp": 101204, "x": 662029, "y": 6472648, "pikkus": 26.769189, "laius": 58.3642418, "kiht": "hp_bussipeatus" }, "geometry": { "type": "Point", "coordinates": [ 26.769188988293546, 58.364241775702212 ] } },
{ "type": "Feature", "properties": { "fid": 32485, "nimi": "Hiie", "alias": null, "ylemgrupp": "Transport", "grupp": "peatus", "alamgrupp": "bussipeatus", "tyypnimi": "bussipeatus", "aadress": "Tartu maakond, Tartu linn, Tartu linn, Hiie tänav T3", "adrid": 3032841, "adsoid": "CU01994052", "mk": "Tartu maakond", "ov": "Tartu linn", "ay": "Tartu linn", "www": null, "url": null, "email": null, "telefon": null, "allikas": "Transpordiamet.Ühistranspordi infosüsteem", "andmeseis": "27.12.2020", "poi_id": 91945, "id": "26072", "vid": "7820043-1", "tyyp": 101204, "x": 657699, "y": 6474556, "pikkus": 26.6965884, "laius": 58.382943, "kiht": "hp_bussipeatus" }, "geometry": { "type": "Point", "coordinates": [ 26.696588368535249, 58.382942987313079 ] } },
{ "type": "Feature", "properties": { "fid": 32487, "nimi": "Alevi", "alias": null, "ylemgrupp": "Transport", "grupp": "peatus", "alamgrupp": "bussipeatus", "tyypnimi": "bussipeatus", "aadress": "Tartu maakond, Tartu linn, Tartu linn, Tähe tänav T85", "adrid": 3037975, "adsoid": "CU00609255", "mk": "Tartu maakond", "ov": "Tartu linn", "ay": "Tartu linn", "www": null, "url": null, "email": null, "telefon": null, "allikas": "Transpordiamet.Ühistranspordi infosüsteem", "andmeseis": "27.08.2023", "poi_id": 80537, "id": "26124", "vid": "7820291-1", "tyyp": 101204, "x": 659784, "y": 6472308, "pikkus": 26.7306349, "laius": 58.3620185, "kiht": "hp_bussipeatus" }, "geometry": { "type": "Point", "coordinates": [ 26.730634941020906, 58.362018506745756 ] } },
{ "type": "Feature", "properties": { "fid": 32534, "nimi": "Männi", "alias": null, "ylemgrupp": "Transport", "grupp": "peatus", "alamgrupp": "bussipeatus", "tyypnimi": "bussipeatus", "aadress": "Tartu maakond, Tartu linn, Tartu linn, Sõpruse puiestee T1", "adrid": 3037984, "adsoid": "CU02009565", "mk": "Tartu maakond", "ov": "Tartu linn", "ay": "Tartu linn", "www": null, "url": null, "email": null, "telefon": null, "allikas": "Transpordiamet.Ühistranspordi infosüsteem", "andmeseis": "05.11.2023", "poi_id": 81605, "id": "25948", "vid": "7820254-1", "tyyp": 101204, "x": 661035, "y": 6474428, "pikkus": 26.7534698, "laius": 58.3805794, "kiht": "hp_bussipeatus" }, "geometry": { "type": "Point", "coordinates": [ 26.75346977712843, 58.3805794135234 ] } },
{ "type": "Feature", "properties": { "fid": 32580, "nimi": "Kivilinna", "alias": null, "ylemgrupp": "Transport", "grupp": "peatus", "alamgrupp": "bussipeatus", "tyypnimi": "bussipeatus", "aadress": "Tartu maakond, Tartu linn, Tartu linn, Jaama tänav T173", "adrid": 3030735, "adsoid": "CU01997686", "mk": "Tartu maakond", "ov": "Tartu linn", "ay": "Tartu linn", "www": null, "url": null, "email": null, "telefon": null, "allikas": "Transpordiamet.Ühistranspordi infosüsteem", "andmeseis": "27.12.2020", "poi_id": 82672, "id": "24880", "vid": "7820095-1", "tyyp": 101204, "x": 661645, "y": 6474392, "pikkus": 26.763871, "laius": 58.3800278, "kiht": "hp_bussipeatus" }, "geometry": { "type": "Point", "coordinates": [ 26.763871040928095, 58.380027779103102 ] } },
{ "type": "Feature", "properties": { "fid": 32664, "nimi": "Ilmatsalu", "alias": null, "ylemgrupp": "Transport", "grupp": "peatus", "alamgrupp": "bussipeatus", "tyypnimi": "bussipeatus", "aadress": "Tartu maakond, Tartu linn, Tartu linn, Ilmatsalu tänav T5", "adrid": 3022121, "adsoid": "CU01700630", "mk": "Tartu maakond", "ov": "Tartu linn", "ay": "Tartu linn", "www": null, "url": null, "email": null, "telefon": null, "allikas": "Transpordiamet.Ühistranspordi infosüsteem", "andmeseis": "05.11.2023", "poi_id": 82631, "id": "25008", "vid": "7820131-1", "tyyp": 101204, "x": 657363, "y": 6473853, "pikkus": 26.6903543, "laius": 58.3767542, "kiht": "hp_bussipeatus" }, "geometry": { "type": "Point", "coordinates": [ 26.690354323536166, 58.376754209923782 ] } },
{ "type": "Feature", "properties": { "fid": 32701, "nimi": "Jaama", "alias": null, "ylemgrupp": "Transport", "grupp": "peatus", "alamgrupp": "bussipeatus", "tyypnimi": "bussipeatus", "aadress": "Tartu maakond, Tartu linn, Tartu linn", "adrid": 3020414, "adsoid": "AY03658881", "mk": "Tartu maakond", "ov": "Tartu linn", "ay": "Tartu linn", "www": null, "url": null, "email": null, "telefon": null, "allikas": "Transpordiamet.Ühistranspordi infosüsteem", "andmeseis": "05.11.2023", "poi_id": 91503, "id": "133806", "vid": "7820328-1", "tyyp": 101204, "x": 660247, "y": 6474785, "pikkus": 26.7402711, "laius": 58.3840735, "kiht": "hp_bussipeatus" }, "geometry": { "type": "Point", "coordinates": [ 26.740271126459284, 58.384073501968949 ] } },
{ "type": "Feature", "properties": { "fid": 32732, "nimi": "Annemõisa", "alias": null, "ylemgrupp": "Transport", "grupp": "peatus", "alamgrupp": "bussipeatus", "tyypnimi": "bussipeatus", "aadress": "Tartu maakond, Tartu linn, Tartu linn, Nõlvaku tänav T1", "adrid": 3034609, "adsoid": "CU02137850", "mk": "Tartu maakond", "ov": "Tartu linn", "ay": "Tartu linn", "www": null, "url": null, "email": null, "telefon": null, "allikas": "Transpordiamet.Ühistranspordi infosüsteem", "andmeseis": "27.12.2020", "poi_id": 90970, "id": "26856", "vid": "7820017-1", "tyyp": 101204, "x": 662481, "y": 6474061, "pikkus": 26.7779142, "laius": 58.3767549, "kiht": "hp_bussipeatus" }, "geometry": { "type": "Point", "coordinates": [ 26.777914163447413, 58.376754874295877 ] } },
{ "type": "Feature", "properties": { "fid": 32742, "nimi": "Vaksali", "alias": null, "ylemgrupp": "Transport", "grupp": "peatus", "alamgrupp": "bussipeatus", "tyypnimi": "bussipeatus", "aadress": "Tartu maakond, Tartu linn, Tartu linn, Vaksali tänav T31", "adrid": 3034507, "adsoid": "CU01925275", "mk": "Tartu maakond", "ov": "Tartu linn", "ay": "Tartu linn", "www": null, "url": null, "email": null, "telefon": null, "allikas": "Transpordiamet.Ühistranspordi infosüsteem", "andmeseis": "11.01.2021", "poi_id": 92582, "id": "26126", "vid": "7820295-1", "tyyp": 101204, "x": 658082, "y": 6473892, "pikkus": 26.7026672, "laius": 58.3768482, "kiht": "hp_bussipeatus" }, "geometry": { "type": "Point", "coordinates": [ 26.702667210834193, 58.376848181825594 ] } },
{ "type": "Feature", "properties": { "fid": 32916, "nimi": "Riiamäe", "alias": null, "ylemgrupp": "Transport", "grupp": "peatus", "alamgrupp": "bussipeatus", "tyypnimi": "bussipeatus", "aadress": "Tartu maakond, Tartu linn, Tartu linn, Riia tänav T9", "adrid": 3024512, "adsoid": "CU01955356", "mk": "Tartu maakond", "ov": "Tartu linn", "ay": "Tartu linn", "www": null, "url": null, "email": null, "telefon": null, "allikas": "Transpordiamet.Ühistranspordi infosüsteem", "andmeseis": "07.10.2021", "poi_id": 79954, "id": "26397", "vid": "7820219-1", "tyyp": 101204, "x": 659218, "y": 6473601, "pikkus": 26.721874, "laius": 58.3738278, "kiht": "hp_bussipeatus" }, "geometry": { "type": "Point", "coordinates": [ 26.721873958225288, 58.373827817551977 ] } },
{ "type": "Feature", "properties": { "fid": 32955, "nimi": "Nisu", "alias": null, "ylemgrupp": "Transport", "grupp": "peatus", "alamgrupp": "bussipeatus", "tyypnimi": "bussipeatus", "aadress": "Tartu maakond, Tartu linn, Tartu linn, Ravila tänav T19", "adrid": 3032843, "adsoid": "CU00487513", "mk": "Tartu maakond", "ov": "Tartu linn", "ay": "Tartu linn", "www": null, "url": null, "email": null, "telefon": null, "allikas": "Transpordiamet.Ühistranspordi infosüsteem", "andmeseis": "18.07.2021", "poi_id": 83365, "id": "26392", "vid": "7820212-1", "tyyp": 101204, "x": 657114, "y": 6473393, "pikkus": 26.6857876, "laius": 58.3727213, "kiht": "hp_bussipeatus" }, "geometry": { "type": "Point", "coordinates": [ 26.685787630827409, 58.37272132215643 ] } },
{ "type": "Feature", "properties": { "fid": 33007, "nimi": "Põllu", "alias": null, "ylemgrupp": "Transport", "grupp": "peatus", "alamgrupp": "bussipeatus", "tyypnimi": "bussipeatus", "aadress": "Tartu maakond, Tartu linn, Tartu linn, Põllu tänav T1", "adrid": 3022115, "adsoid": "CU00495584", "mk": "Tartu maakond", "ov": "Tartu linn", "ay": "Tartu linn", "www": null, "url": null, "email": null, "telefon": null, "allikas": "Transpordiamet.Ühistranspordi infosüsteem", "andmeseis": "13.12.2020", "poi_id": 85624, "id": "26247", "vid": "7820192-1", "tyyp": 101204, "x": 658438, "y": 6476345, "pikkus": 26.7104336, "laius": 58.3987267, "kiht": "hp_bussipeatus" }, "geometry": { "type": "Point", "coordinates": [ 26.71043357982623, 58.398726683096299 ] } },
{ "type": "Feature", "properties": { "fid": 33200, "nimi": "Rahumäe", "alias": null, "ylemgrupp": "Transport", "grupp": "peatus", "alamgrupp": "bussipeatus", "tyypnimi": "bussipeatus", "aadress": "Tartu maakond, Tartu linn, Tartu linn, Kaunase puiestee T69", "adrid": 3025422, "adsoid": "CU01988074", "mk": "Tartu maakond", "ov": "Tartu linn", "ay": "Tartu linn", "www": null, "url": null, "email": null, "telefon": null, "allikas": "Transpordiamet.Ühistranspordi infosüsteem", "andmeseis": "18.08.2020", "poi_id": 80873, "id": "26379", "vid": "7820198-1", "tyyp": 101204, "x": 662040, "y": 6474253, "pikkus": 26.770506, "laius": 58.3786334, "kiht": "hp_bussipeatus" }, "geometry": { "type": "Point", "coordinates": [ 26.770506004611711, 58.378633423106223 ] } },
{ "type": "Feature", "properties": { "fid": 33201, "nimi": "Aianduse", "alias": null, "ylemgrupp": "Transport", "grupp": "peatus", "alamgrupp": "bussipeatus", "tyypnimi": "bussipeatus", "aadress": "Tartu maakond, Tartu linn, Tartu linn, Võru tänav T109", "adrid": 3021997, "adsoid": "CU01829768", "mk": "Tartu maakond", "ov": "Tartu linn", "ay": "Tartu linn", "www": null, "url": null, "email": null, "telefon": null, "allikas": "Transpordiamet.Ühistranspordi infosüsteem", "andmeseis": "18.08.2020", "poi_id": 80881, "id": "26516", "vid": "7820006-1", "tyyp": 101204, "x": 659082, "y": 6470977, "pikkus": 26.7177341, "laius": 58.3503351, "kiht": "hp_bussipeatus" }, "geometry": { "type": "Point", "coordinates": [ 26.717734055133629, 58.350335060162337 ] } },
{ "type": "Feature", "properties": { "fid": 33210, "nimi": "Tulbi", "alias": null, "ylemgrupp": "Transport", "grupp": "peatus", "alamgrupp": "bussipeatus", "tyypnimi": "bussipeatus", "aadress": "Tartu maakond, Tartu linn, Tartu linn, Viljandi maantee T1", "adrid": 3036292, "adsoid": "CU03945913", "mk": "Tartu maakond", "ov": "Tartu linn", "ay": "Tartu linn", "www": null, "url": null, "email": null, "telefon": null, "allikas": "Transpordiamet.Ühistranspordi infosüsteem", "andmeseis": "18.08.2020", "poi_id": 85582, "id": "26262", "vid": "7820304-1", "tyyp": 101204, "x": 657628, "y": 6473262, "pikkus": 26.6944795, "laius": 58.3713563, "kiht": "hp_bussipeatus" }, "geometry": { "type": "Point", "coordinates": [ 26.694479457932022, 58.371356293920023 ] } },
{ "type": "Feature", "properties": { "fid": 33408, "nimi": "Aida", "alias": null, "ylemgrupp": "Transport", "grupp": "peatus", "alamgrupp": "bussipeatus", "tyypnimi": "bussipeatus", "aadress": "Tartu maakond, Tartu linn, Tartu linn, Turu tänav T21", "adrid": 3035728, "adsoid": "CU01864341", "mk": "Tartu maakond", "ov": "Tartu linn", "ay": "Tartu linn", "www": null, "url": null, "email": null, "telefon": null, "allikas": "Transpordiamet.Ühistranspordi infosüsteem", "andmeseis": "27.12.2020", "poi_id": 84584, "id": "26849", "vid": "7820007-1", "tyyp": 101204, "x": 660096, "y": 6473571, "pikkus": 26.7368342, "laius": 58.3732319, "kiht": "hp_bussipeatus" }, "geometry": { "type": "Point", "coordinates": [ 26.736834223016778, 58.373231888888149 ] } },
{ "type": "Feature", "properties": { "fid": 33470, "nimi": "Kannikese", "alias": null, "ylemgrupp": "Transport", "grupp": "peatus", "alamgrupp": "bussipeatus", "tyypnimi": "bussipeatus", "aadress": "Tartu maakond, Tartu linn, Tartu linn, Ravila tänav T43", "adrid": 3032134, "adsoid": "CU00487190", "mk": "Tartu maakond", "ov": "Tartu linn", "ay": "Tartu linn", "www": null, "url": null, "email": null, "telefon": null, "allikas": "Transpordiamet.Ühistranspordi infosüsteem", "andmeseis": "31.01.2021", "poi_id": 84864, "id": "26212", "vid": "7820071-1", "tyyp": 101204, "x": 656978, "y": 6473865, "pikkus": 26.6837967, "laius": 58.377003, "kiht": "hp_bussipeatus" }, "geometry": { "type": "Point", "coordinates": [ 26.683796687145772, 58.377002980703971 ] } },
{ "type": "Feature", "properties": { "fid": 33559, "nimi": "Lootuse", "alias": null, "ylemgrupp": "Transport", "grupp": "peatus", "alamgrupp": "bussipeatus", "tyypnimi": "bussipeatus", "aadress": "Tartu maakond, Tartu linn, Tartu linn, Võru tänav T5", "adrid": 3034466, "adsoid": "CU01829353", "mk": "Tartu maakond", "ov": "Tartu linn", "ay": "Tartu linn", "www": null, "url": null, "email": null, "telefon": null, "allikas": "Transpordiamet.Ühistranspordi infosüsteem", "andmeseis": "27.12.2020", "poi_id": 86906, "id": "25473", "vid": "7820133-1", "tyyp": 101204, "x": 659214, "y": 6473262, "pikkus": 26.7215599, "laius": 58.370784, "kiht": "hp_bussipeatus" }, "geometry": { "type": "Point", "coordinates": [ 26.72155989826862, 58.370784010695303 ] } },
{ "type": "Feature", "properties": { "fid": 35672, "nimi": "Välja", "alias": null, "ylemgrupp": "Transport", "grupp": "peatus", "alamgrupp": "bussipeatus", "tyypnimi": "bussipeatus", "aadress": "Tartu maakond, Tartu linn, Tartu linn, Põllu tänav T1", "adrid": 3022115, "adsoid": "CU00495584", "mk": "Tartu maakond", "ov": "Tartu linn", "ay": "Tartu linn", "www": null, "url": null, "email": null, "telefon": null, "allikas": "Transpordiamet.Ühistranspordi infosüsteem", "andmeseis": "05.11.2023", "poi_id": 157702, "id": "144360", "vid": "7820369-1", "tyyp": 101204, "x": 658667, "y": 6476515, "pikkus": 26.7144759, "laius": 58.4001663, "kiht": "hp_bussipeatus" }, "geometry": { "type": "Point", "coordinates": [ 26.714475944767575, 58.400166334302554 ] } },
{ "type": "Feature", "properties": { "fid": 36135, "nimi": "Vahi", "alias": null, "ylemgrupp": "Transport", "grupp": "peatus", "alamgrupp": "bussipeatus", "tyypnimi": "bussipeatus", "aadress": "Tartu maakond, Tartu linn, Tartu linn, Aruküla tee T1", "adrid": 3032733, "adsoid": "CU02010035", "mk": "Tartu maakond", "ov": "Tartu linn", "ay": "Tartu linn", "www": null, "url": null, "email": null, "telefon": null, "allikas": "Transpordiamet.Ühistranspordi infosüsteem", "andmeseis": "09.05.2023", "poi_id": 92117, "id": "26259", "vid": "7820294-1", "tyyp": 101204, "x": 658296, "y": 6476964, "pikkus": 26.7084489, "laius": 58.4043313, "kiht": "hp_bussipeatus" }, "geometry": { "type": "Point", "coordinates": [ 26.708448894930324, 58.404331316073225 ] } },
{ "type": "Feature", "properties": { "fid": 36162, "nimi": "Kvartsi", "alias": null, "ylemgrupp": "Transport", "grupp": "peatus", "alamgrupp": "bussipeatus", "tyypnimi": "bussipeatus", "aadress": "Tartu maakond, Tartu linn, Tartu linn, Teemandi tänav T13", "adrid": 3680509, "adsoid": "CU04059714", "mk": "Tartu maakond", "ov": "Tartu linn", "ay": "Tartu linn", "www": null, "url": null, "email": null, "telefon": null, "allikas": "Transpordiamet.Ühistranspordi infosüsteem", "andmeseis": "09.05.2023", "poi_id": 226419, "id": "155419", "vid": "7820379-1", "tyyp": 101204, "x": 657376, "y": 6471007, "pikkus": 26.6886289, "laius": 58.3512209, "kiht": "hp_bussipeatus" }, "geometry": { "type": "Point", "coordinates": [ 26.688628908891431, 58.351220932441024 ] } },
{ "type": "Feature", "properties": { "fid": 37034, "nimi": "Kesklinn", "alias": null, "ylemgrupp": "Transport", "grupp": "peatus", "alamgrupp": "bussipeatus", "tyypnimi": "bussipeatus", "aadress": "Tartu maakond, Tartu linn, Tartu linn, Riia tänav T1", "adrid": 3034542, "adsoid": "CU01955374", "mk": "Tartu maakond", "ov": "Tartu linn", "ay": "Tartu linn", "www": null, "url": null, "email": null, "telefon": null, "allikas": "Transpordiamet.Ühistranspordi infosüsteem", "andmeseis": "09.05.2023", "poi_id": 90961, "id": "131462", "vid": "7820088-2", "tyyp": 101204, "x": 659552, "y": 6473992, "pikkus": 26.7278447, "laius": 58.3772071, "kiht": "hp_bussipeatus" }, "geometry": { "type": "Point", "coordinates": [ 26.727844685218191, 58.377207053601715 ] } },
{ "type": "Feature", "properties": { "fid": 37474, "nimi": "Eha", "alias": null, "ylemgrupp": "Transport", "grupp": "peatus", "alamgrupp": "bussipeatus", "tyypnimi": "bussipeatus", "aadress": "Tartu maakond, Tartu linn, Tartu linn, Tähe tänav T19", "adrid": 3037324, "adsoid": "CU00609248", "mk": "Tartu maakond", "ov": "Tartu linn", "ay": "Tartu linn", "www": null, "url": null, "email": null, "telefon": null, "allikas": "Transpordiamet.Ühistranspordi infosüsteem", "andmeseis": "05.11.2023", "poi_id": 157940, "id": "144829", "vid": "7820345-1", "tyyp": 101204, "x": 659567, "y": 6473219, "pikkus": 26.7275609, "laius": 58.3702701, "kiht": "hp_bussipeatus" }, "geometry": { "type": "Point", "coordinates": [ 26.727560917851232, 58.370270112628077 ] } },
{ "type": "Feature", "properties": { "fid": 38806, "nimi": "Lembitu", "alias": null, "ylemgrupp": "Transport", "grupp": "peatus", "alamgrupp": "bussipeatus", "tyypnimi": "bussipeatus", "aadress": "Tartu maakond, Tartu linn, Tartu linn, Riia tänav T47", "adrid": 3036308, "adsoid": "CU01956337", "mk": "Tartu maakond", "ov": "Tartu linn", "ay": "Tartu linn", "www": null, "url": null, "email": null, "telefon": null, "allikas": "Transpordiamet.Ühistranspordi infosüsteem", "andmeseis": "20.12.2020", "poi_id": 90491, "id": "24895", "vid": "7820126-1", "tyyp": 101204, "x": 658588, "y": 6473070, "pikkus": 26.7107379, "laius": 58.3692924, "kiht": "hp_bussipeatus" }, "geometry": { "type": "Point", "coordinates": [ 26.710737935582305, 58.369292427897435 ] } },
{ "type": "Feature", "properties": { "fid": 38866, "nimi": "Peetri", "alias": null, "ylemgrupp": "Transport", "grupp": "peatus", "alamgrupp": "bussipeatus", "tyypnimi": "bussipeatus", "aadress": "Tartu maakond, Tartu linn, Tartu linn, Narva maantee T111", "adrid": 3037901, "adsoid": "CU00615725", "mk": "Tartu maakond", "ov": "Tartu linn", "ay": "Tartu linn", "www": null, "url": null, "email": null, "telefon": null, "allikas": "Transpordiamet.Ühistranspordi infosüsteem", "andmeseis": "11.01.2021", "poi_id": 91703, "id": "26240", "vid": "7820181-1", "tyyp": 101204, "x": 659569, "y": 6475427, "pikkus": 26.7291325, "laius": 58.3900765, "kiht": "hp_bussipeatus" }, "geometry": { "type": "Point", "coordinates": [ 26.729132490030292, 58.390076464320948 ] } },
{ "type": "Feature", "properties": { "fid": 39505, "nimi": "Annelinna keskus", "alias": null, "ylemgrupp": "Transport", "grupp": "peatus", "alamgrupp": "bussipeatus", "tyypnimi": "bussipeatus", "aadress": "Tartu maakond, Tartu linn, Tartu linn, Kalda tee 32b // Kalda tee T29", "adrid": 3074879, "adsoid": "CU03814453", "mk": "Tartu maakond", "ov": "Tartu linn", "ay": "Tartu linn", "www": null, "url": null, "email": null, "telefon": null, "allikas": "Transpordiamet.Ühistranspordi infosüsteem", "andmeseis": "20.12.2020", "poi_id": 88639, "id": "24873", "vid": "7820014-1", "tyyp": 101204, "x": 661855, "y": 6473333, "pikkus": 26.7667044, "laius": 58.3704531, "kiht": "hp_bussipeatus" }, "geometry": { "type": "Point", "coordinates": [ 26.766704415527325, 58.37045311583114 ] } },
{ "type": "Feature", "properties": { "fid": 40453, "nimi": "Kesklinn I", "alias": null, "ylemgrupp": "Transport", "grupp": "peatus", "alamgrupp": "bussipeatus", "tyypnimi": "bussipeatus", "aadress": "Tartu maakond, Tartu linn, Tartu linn, Riia tänav T1", "adrid": 3034542, "adsoid": "CU01955374", "mk": "Tartu maakond", "ov": "Tartu linn", "ay": "Tartu linn", "www": null, "url": null, "email": null, "telefon": null, "allikas": "Transpordiamet.Ühistranspordi infosüsteem", "andmeseis": "27.12.2020", "poi_id": 81902, "id": "26069", "vid": "7820039-1", "tyyp": 101204, "x": 659497, "y": 6473941, "pikkus": 26.7268624, "laius": 58.3767741, "kiht": "hp_bussipeatus" }, "geometry": { "type": "Point", "coordinates": [ 26.726862446537368, 58.376774079500699 ] } },
{ "type": "Feature", "properties": { "fid": 40998, "nimi": "Visa hall", "alias": null, "ylemgrupp": "Transport", "grupp": "peatus", "alamgrupp": "bussipeatus", "tyypnimi": "bussipeatus", "aadress": "Tartu maakond, Tartu linn, Tartu linn, Ravila tänav T49", "adrid": 3022153, "adsoid": "CU00487053", "mk": "Tartu maakond", "ov": "Tartu linn", "ay": "Tartu linn", "www": null, "url": null, "email": null, "telefon": null, "allikas": "Transpordiamet.Ühistranspordi infosüsteem", "andmeseis": "11.01.2021", "poi_id": 80838, "id": "25351", "vid": "7820070-1", "tyyp": 101204, "x": 656983, "y": 6474075, "pikkus": 26.6840273, "laius": 58.3788885, "kiht": "hp_bussipeatus" }, "geometry": { "type": "Point", "coordinates": [ 26.684027289549014, 58.378888524030224 ] } },
{ "type": "Feature", "properties": { "fid": 41133, "nimi": "Herne", "alias": null, "ylemgrupp": "Transport", "grupp": "peatus", "alamgrupp": "bussipeatus", "tyypnimi": "bussipeatus", "aadress": "Tartu maakond, Tartu linn, Tartu linn, Herne tänav T1", "adrid": 3030687, "adsoid": "CU00606688", "mk": "Tartu maakond", "ov": "Tartu linn", "ay": "Tartu linn", "www": null, "url": null, "email": null, "telefon": null, "allikas": "Transpordiamet.Ühistranspordi infosüsteem", "andmeseis": "09.05.2023", "poi_id": 83941, "id": "26070", "vid": "7820041-1", "tyyp": 101204, "x": 658753, "y": 6474936, "pikkus": 26.7148557, "laius": 58.3859724, "kiht": "hp_bussipeatus" }, "geometry": { "type": "Point", "coordinates": [ 26.714855658906554, 58.385972431788268 ] } },
{ "type": "Feature", "properties": { "fid": 41134, "nimi": "Lammi ring", "alias": null, "ylemgrupp": "Transport", "grupp": "peatus", "alamgrupp": "bussipeatus", "tyypnimi": "bussipeatus", "aadress": "Tartu maakond, Tartu linn, Tartu linn, Lammi tänav T5", "adrid": 3024938, "adsoid": "CU03295585", "mk": "Tartu maakond", "ov": "Tartu linn", "ay": "Tartu linn", "www": null, "url": null, "email": null, "telefon": null, "allikas": "Transpordiamet.Ühistranspordi infosüsteem", "andmeseis": "09.05.2023", "poi_id": 83942, "id": "135331", "vid": "7820333-1", "tyyp": 101204, "x": 662170, "y": 6472373, "pikkus": 26.771412, "laius": 58.3617241, "kiht": "hp_bussipeatus" }, "geometry": { "type": "Point", "coordinates": [ 26.771412000077351, 58.361724123398695 ] } },
{ "type": "Feature", "properties": { "fid": 41306, "nimi": "Pauluse", "alias": null, "ylemgrupp": "Transport", "grupp": "peatus", "alamgrupp": "bussipeatus", "tyypnimi": "bussipeatus", "aadress": "Tartu maakond, Tartu linn, Tartu linn, Riia tänav T25", "adrid": 3022082, "adsoid": "CU04012474", "mk": "Tartu maakond", "ov": "Tartu linn", "ay": "Tartu linn", "www": null, "url": null, "email": null, "telefon": null, "allikas": "Transpordiamet.Ühistranspordi infosüsteem", "andmeseis": "28.03.2021", "poi_id": 88921, "id": "26237", "vid": "7820178-1", "tyyp": 101204, "x": 658865, "y": 6473280, "pikkus": 26.7156235, "laius": 58.3710758, "kiht": "hp_bussipeatus" }, "geometry": { "type": "Point", "coordinates": [ 26.71562352746896, 58.371075825797853 ] } },
{ "type": "Feature", "properties": { "fid": 41328, "nimi": "Jalaka", "alias": null, "ylemgrupp": "Transport", "grupp": "peatus", "alamgrupp": "bussipeatus", "tyypnimi": "bussipeatus", "aadress": "Tartu maakond, Tartu linn, Tartu linn, Ringtee tänav T21", "adrid": 3027374, "adsoid": "CU01851946", "mk": "Tartu maakond", "ov": "Tartu linn", "ay": "Tartu linn", "www": null, "url": null, "email": null, "telefon": null, "allikas": "Transpordiamet.Ühistranspordi infosüsteem", "andmeseis": "11.01.2021", "poi_id": 88361, "id": "128372", "vid": "7820314-1", "tyyp": 101204, "x": 659454, "y": 6470192, "pikkus": 26.723528, "laius": 58.343154, "kiht": "hp_bussipeatus" }, "geometry": { "type": "Point", "coordinates": [ 26.723528017158962, 58.343153972009183 ] } },
{ "type": "Feature", "properties": { "fid": 41336, "nimi": "Tamme kool", "alias": null, "ylemgrupp": "Transport", "grupp": "peatus", "alamgrupp": "bussipeatus", "tyypnimi": "bussipeatus", "aadress": "Tartu maakond, Tartu linn, Tartu linn, Kesk kaar T23", "adrid": 3022199, "adsoid": "CU00488951", "mk": "Tartu maakond", "ov": "Tartu linn", "ay": "Tartu linn", "www": null, "url": null, "email": null, "telefon": null, "allikas": "Transpordiamet.Ühistranspordi infosüsteem", "andmeseis": "05.11.2023", "poi_id": 87520, "id": "25962", "vid": "7820261-1", "tyyp": 101204, "x": 658399, "y": 6472425, "pikkus": 26.7070652, "laius": 58.3635769, "kiht": "hp_bussipeatus" }, "geometry": { "type": "Point", "coordinates": [ 26.707065170366672, 58.363576934490041 ] } },
{ "type": "Feature", "properties": { "fid": 41337, "nimi": "Nõlvaku", "alias": null, "ylemgrupp": "Transport", "grupp": "peatus", "alamgrupp": "bussipeatus", "tyypnimi": "bussipeatus", "aadress": "Tartu maakond, Tartu linn, Tartu linn, Mõisavahe tn 34a", "adrid": 3088229, "adsoid": "CU00497875", "mk": "Tartu maakond", "ov": "Tartu linn", "ay": "Tartu linn", "www": null, "url": null, "email": null, "telefon": null, "allikas": "Transpordiamet.Ühistranspordi infosüsteem", "andmeseis": "20.12.2020", "poi_id": 84366, "id": "33506", "vid": "7820165-1", "tyyp": 101204, "x": 662635, "y": 6473561, "pikkus": 26.78019, "laius": 58.372206, "kiht": "hp_bussipeatus" }, "geometry": { "type": "Point", "coordinates": [ 26.7801899630525, 58.372205956973062 ] } },
{ "type": "Feature", "properties": { "fid": 41376, "nimi": "Lõunakeskus", "alias": null, "ylemgrupp": "Transport", "grupp": "peatus", "alamgrupp": "bussipeatus", "tyypnimi": "bussipeatus", "aadress": "Tartu maakond, Tartu linn, Tartu linn, Lääneringtee 37", "adrid": 3657049, "adsoid": "CU03232491", "mk": "Tartu maakond", "ov": "Tartu linn", "ay": "Tartu linn", "www": null, "url": null, "email": null, "telefon": null, "allikas": "Transpordiamet.Ühistranspordi infosüsteem", "andmeseis": "20.11.2022", "poi_id": 88304, "id": "125530", "vid": "7820139-2", "tyyp": 101204, "x": 656423, "y": 6471825, "pikkus": 26.6729244, "laius": 58.3588991, "kiht": "hp_bussipeatus" }, "geometry": { "type": "Point", "coordinates": [ 26.672924369822574, 58.358899082669772 ] } },
{ "type": "Feature", "properties": { "fid": 41403, "nimi": "Raja", "alias": null, "ylemgrupp": "Transport", "grupp": "peatus", "alamgrupp": "bussipeatus", "tyypnimi": "bussipeatus", "aadress": "Tartu maakond, Tartu linn, Tartu linn, Riia tänav T167", "adrid": 3029887, "adsoid": "CU01960786", "mk": "Tartu maakond", "ov": "Tartu linn", "ay": "Tartu linn", "www": null, "url": null, "email": null, "telefon": null, "allikas": "Transpordiamet.Ühistranspordi infosüsteem", "andmeseis": "20.12.2020", "poi_id": 84364, "id": "26381", "vid": "7820200-1", "tyyp": 101204, "x": 657413, "y": 6472138, "pikkus": 26.6900322, "laius": 58.3613576, "kiht": "hp_bussipeatus" }, "geometry": { "type": "Point", "coordinates": [ 26.690032177143387, 58.361357622136552 ] } },
{ "type": "Feature", "properties": { "fid": 41446, "nimi": "Metsamaja", "alias": null, "ylemgrupp": "Transport", "grupp": "peatus", "alamgrupp": "bussipeatus", "tyypnimi": "bussipeatus", "aadress": "Tartu maakond, Tartu linn, Tartu linn, Friedrich Reinhold Kreutzwaldi tänav T13", "adrid": 3032823, "adsoid": "CU01751476", "mk": "Tartu maakond", "ov": "Tartu linn", "ay": "Tartu linn", "www": null, "url": null, "email": null, "telefon": null, "allikas": "Transpordiamet.Ühistranspordi infosüsteem", "andmeseis": "30.05.2021", "poi_id": 93320, "id": "128656", "vid": "7820313-1", "tyyp": 101204, "x": 657405, "y": 6475527, "pikkus": 26.6922302, "laius": 58.3917563, "kiht": "hp_bussipeatus" }, "geometry": { "type": "Point", "coordinates": [ 26.692230228807318, 58.391756271641206 ] } },
{ "type": "Feature", "properties": { "fid": 41677, "nimi": "Tuglase", "alias": null, "ylemgrupp": "Transport", "grupp": "peatus", "alamgrupp": "bussipeatus", "tyypnimi": "bussipeatus", "aadress": "Tartu maakond, Tartu linn, Tartu linn, Friedebert Tuglase tänav T5", "adrid": 3036854, "adsoid": "CU01715195", "mk": "Tartu maakond", "ov": "Tartu linn", "ay": "Tartu linn", "www": null, "url": null, "email": null, "telefon": null, "allikas": "Transpordiamet.Ühistranspordi infosüsteem", "andmeseis": "27.12.2020", "poi_id": 93679, "id": "26120", "vid": "7820287-1", "tyyp": 101204, "x": 657591, "y": 6474916, "pikkus": 26.6949919, "laius": 58.3862124, "kiht": "hp_bussipeatus" }, "geometry": { "type": "Point", "coordinates": [ 26.69499188873306, 58.386212352029773 ] } },
{ "type": "Feature", "properties": { "fid": 41704, "nimi": "Tartu Näitused", "alias": null, "ylemgrupp": "Transport", "grupp": "peatus", "alamgrupp": "bussipeatus", "tyypnimi": "bussipeatus", "aadress": "Tartu maakond, Tartu linn, Tartu linn, Friedrich Reinhold Kreutzwaldi tänav T5", "adrid": 3036330, "adsoid": "CU01751767", "mk": "Tartu maakond", "ov": "Tartu linn", "ay": "Tartu linn", "www": null, "url": null, "email": null, "telefon": null, "allikas": "Transpordiamet.Ühistranspordi infosüsteem", "andmeseis": "27.12.2020", "poi_id": 87234, "id": "26113", "vid": "7820275-1", "tyyp": 101204, "x": 657544, "y": 6475208, "pikkus": 26.6943855, "laius": 58.3888528, "kiht": "hp_bussipeatus" }, "geometry": { "type": "Point", "coordinates": [ 26.694385500552357, 58.388852828721419 ] } },
{ "type": "Feature", "properties": { "fid": 41705, "nimi": "Lille", "alias": null, "ylemgrupp": "Transport", "grupp": "peatus", "alamgrupp": "bussipeatus", "tyypnimi": "bussipeatus", "aadress": "Tartu maakond, Tartu linn, Tartu linn, Tähe tänav T1", "adrid": 3032817, "adsoid": "CU00609238", "mk": "Tartu maakond", "ov": "Tartu linn", "ay": "Tartu linn", "www": null, "url": null, "email": null, "telefon": null, "allikas": "Transpordiamet.Ühistranspordi infosüsteem", "andmeseis": "11.01.2021", "poi_id": 157939, "id": "144830", "vid": "7820353-1", "tyyp": 101204, "x": 659396, "y": 6473591, "pikkus": 26.7249004, "laius": 58.3736677, "kiht": "hp_bussipeatus" }, "geometry": { "type": "Point", "coordinates": [ 26.72490036790305, 58.373667710872851 ] } },
{ "type": "Feature", "properties": { "fid": 41849, "nimi": "Optika", "alias": null, "ylemgrupp": "Transport", "grupp": "peatus", "alamgrupp": "bussipeatus", "tyypnimi": "bussipeatus", "aadress": "Tartu maakond, Tartu linn, Tartu linn, Optika tänav T7", "adrid": 3036967, "adsoid": "CU01754775", "mk": "Tartu maakond", "ov": "Tartu linn", "ay": "Tartu linn", "www": null, "url": null, "email": null, "telefon": null, "allikas": "Transpordiamet.Ühistranspordi infosüsteem", "andmeseis": "20.12.2020", "poi_id": 94066, "id": "122419", "vid": "7820172-1", "tyyp": 101204, "x": 656495, "y": 6471463, "pikkus": 26.6739142, "laius": 58.3556317, "kiht": "hp_bussipeatus" }, "geometry": { "type": "Point", "coordinates": [ 26.673914222277702, 58.355631671438296 ] } },
{ "type": "Feature", "properties": { "fid": 41887, "nimi": "Triigi", "alias": null, "ylemgrupp": "Transport", "grupp": "peatus", "alamgrupp": "bussipeatus", "tyypnimi": "bussipeatus", "aadress": "Tartu maakond, Tartu linn, Tartu linn, Pallase puiestee T59", "adrid": 3038028, "adsoid": "CU01892583", "mk": "Tartu maakond", "ov": "Tartu linn", "ay": "Tartu linn", "www": null, "url": null, "email": null, "telefon": null, "allikas": "Transpordiamet.Ühistranspordi infosüsteem", "andmeseis": "03.01.2021", "poi_id": 94100, "id": "26668", "vid": "7820159-1", "tyyp": 101204, "x": 663225, "y": 6471780, "pikkus": 26.7889916, "laius": 58.3560152, "kiht": "hp_bussipeatus" }, "geometry": { "type": "Point", "coordinates": [ 26.788991603907228, 58.356015225013977 ] } },
{ "type": "Feature", "properties": { "fid": 41908, "nimi": "Teguri", "alias": null, "ylemgrupp": "Transport", "grupp": "peatus", "alamgrupp": "bussipeatus", "tyypnimi": "bussipeatus", "aadress": "Tartu maakond, Tartu linn, Tartu linn, Ropka tn 2a // Võru tänav T71", "adrid": 3032071, "adsoid": "CU01829772", "mk": "Tartu maakond", "ov": "Tartu linn", "ay": "Tartu linn", "www": null, "url": null, "email": null, "telefon": null, "allikas": "Transpordiamet.Ühistranspordi infosüsteem", "andmeseis": "03.01.2021", "poi_id": 158220, "id": "145460", "vid": "7820366-1", "tyyp": 101204, "x": 659240, "y": 6472164, "pikkus": 26.7212413, "laius": 58.3609293, "kiht": "hp_bussipeatus" }, "geometry": { "type": "Point", "coordinates": [ 26.721241337652543, 58.360929317593857 ] } },
{ "type": "Feature", "properties": { "fid": 41934, "nimi": "Tartu Maja I", "alias": null, "ylemgrupp": "Transport", "grupp": "peatus", "alamgrupp": "bussipeatus", "tyypnimi": "bussipeatus", "aadress": "Tartu maakond, Tartu linn, Tartu linn, Ravila tänav T51", "adrid": 3029942, "adsoid": "CU00487714", "mk": "Tartu maakond", "ov": "Tartu linn", "ay": "Tartu linn", "www": null, "url": null, "email": null, "telefon": null, "allikas": "Transpordiamet.Ühistranspordi infosüsteem", "andmeseis": "11.01.2021", "poi_id": 90174, "id": "26109", "vid": "7820269-1", "tyyp": 101204, "x": 656930, "y": 6474501, "pikkus": 26.6834146, "laius": 58.3827308, "kiht": "hp_bussipeatus" }, "geometry": { "type": "Point", "coordinates": [ 26.683414622076192, 58.38273080219146 ] } },
{ "type": "Feature", "properties": { "fid": 42075, "nimi": "Sõpruse puiestee", "alias": null, "ylemgrupp": "Transport", "grupp": "peatus", "alamgrupp": "bussipeatus", "tyypnimi": "bussipeatus", "aadress": "Tartu maakond, Tartu linn, Tartu linn, Jaama tänav T143", "adrid": 3037306, "adsoid": "CU01997584", "mk": "Tartu maakond", "ov": "Tartu linn", "ay": "Tartu linn", "www": null, "url": null, "email": null, "telefon": null, "allikas": "Transpordiamet.Ühistranspordi infosüsteem", "andmeseis": "27.12.2020", "poi_id": 86294, "id": "25949", "vid": "7820255-1", "tyyp": 101204, "x": 661119, "y": 6474446, "pikkus": 26.7549169, "laius": 58.3807097, "kiht": "hp_bussipeatus" }, "geometry": { "type": "Point", "coordinates": [ 26.754916882348748, 58.380709665141829 ] } },
{ "type": "Feature", "properties": { "fid": 42105, "nimi": "Rebase", "alias": null, "ylemgrupp": "Transport", "grupp": "peatus", "alamgrupp": "bussipeatus", "tyypnimi": "bussipeatus", "aadress": "Tartu maakond, Tartu linn, Tartu linn, Turu tänav T27", "adrid": 3033005, "adsoid": "CU03207356", "mk": "Tartu maakond", "ov": "Tartu linn", "ay": "Tartu linn", "www": null, "url": null, "email": null, "telefon": null, "allikas": "Transpordiamet.Ühistranspordi infosüsteem", "andmeseis": "11.01.2021", "poi_id": 85342, "id": "33509", "vid": "7820214-1", "tyyp": 101204, "x": 660348, "y": 6472926, "pikkus": 26.7406918, "laius": 58.3673587, "kiht": "hp_bussipeatus" }, "geometry": { "type": "Point", "coordinates": [ 26.740691788526693, 58.367358748177786 ] } },
{ "type": "Feature", "properties": { "fid": 42107, "nimi": "Vaksali", "alias": null, "ylemgrupp": "Transport", "grupp": "peatus", "alamgrupp": "bussipeatus", "tyypnimi": "bussipeatus", "aadress": "Tartu maakond, Tartu linn, Tartu linn, Vaksali tänav T31", "adrid": 3034507, "adsoid": "CU01925275", "mk": "Tartu maakond", "ov": "Tartu linn", "ay": "Tartu linn", "www": null, "url": null, "email": null, "telefon": null, "allikas": "Transpordiamet.Ühistranspordi infosüsteem", "andmeseis": "18.08.2020", "poi_id": 85348, "id": "26127", "vid": "7820296-1", "tyyp": 101204, "x": 658032, "y": 6473937, "pikkus": 26.7018397, "laius": 58.3772705, "kiht": "hp_bussipeatus" }, "geometry": { "type": "Point", "coordinates": [ 26.701839702729313, 58.377270509246699 ] } },
{ "type": "Feature", "properties": { "fid": 42108, "nimi": "Kannikese", "alias": null, "ylemgrupp": "Transport", "grupp": "peatus", "alamgrupp": "bussipeatus", "tyypnimi": "bussipeatus", "aadress": "Tartu maakond, Tartu linn, Tartu linn, Ravila tänav T43", "adrid": 3032134, "adsoid": "CU00487190", "mk": "Tartu maakond", "ov": "Tartu linn", "ay": "Tartu linn", "www": null, "url": null, "email": null, "telefon": null, "allikas": "Transpordiamet.Ühistranspordi infosüsteem", "andmeseis": "05.09.2021", "poi_id": 85350, "id": "24715", "vid": "7820069-1", "tyyp": 101204, "x": 656967, "y": 6473839, "pikkus": 26.6835923, "laius": 58.3767704, "kiht": "hp_bussipeatus" }, "geometry": { "type": "Point", "coordinates": [ 26.683592342164538, 58.376770416995953 ] } },
{ "type": "Feature", "properties": { "fid": 42118, "nimi": "Tähe", "alias": null, "ylemgrupp": "Transport", "grupp": "peatus", "alamgrupp": "bussipeatus", "tyypnimi": "bussipeatus", "aadress": "Tartu maakond, Tartu linn, Tartu linn, Ringtee tänav T27", "adrid": 3034510, "adsoid": "CU01851944", "mk": "Tartu maakond", "ov": "Tartu linn", "ay": "Tartu linn", "www": null, "url": null, "email": null, "telefon": null, "allikas": "Transpordiamet.Ühistranspordi infosüsteem", "andmeseis": "11.01.2021", "poi_id": 87417, "id": "128375", "vid": "7820324-1", "tyyp": 101204, "x": 659846, "y": 6470164, "pikkus": 26.7302007, "laius": 58.3427589, "kiht": "hp_bussipeatus" }, "geometry": { "type": "Point", "coordinates": [ 26.730200694755091, 58.342758938860229 ] } },
{ "type": "Feature", "properties": { "fid": 42125, "nimi": "Raadi", "alias": null, "ylemgrupp": "Transport", "grupp": "peatus", "alamgrupp": "bussipeatus", "tyypnimi": "bussipeatus", "aadress": "Tartu maakond, Tartu linn, Tartu linn, Kruusamäe tänav T1", "adrid": 3032091, "adsoid": "CU01994337", "mk": "Tartu maakond", "ov": "Tartu linn", "ay": "Tartu linn", "www": null, "url": null, "email": null, "telefon": null, "allikas": "Transpordiamet.Ühistranspordi infosüsteem", "andmeseis": "11.01.2021", "poi_id": 87384, "id": "26375", "vid": "7820194-1", "tyyp": 101204, "x": 659734, "y": 6476131, "pikkus": 26.7324429, "laius": 58.3963331, "kiht": "hp_bussipeatus" }, "geometry": { "type": "Point", "coordinates": [ 26.732442895614213, 58.396333142127304 ] } },
{ "type": "Feature", "properties": { "fid": 42164, "nimi": "Turu", "alias": null, "ylemgrupp": "Transport", "grupp": "peatus", "alamgrupp": "bussipeatus", "tyypnimi": "bussipeatus", "aadress": "Tartu maakond, Tartu linn, Tartu linn, Väike-Turu tänav T1", "adrid": 3025509, "adsoid": "CU01991854", "mk": "Tartu maakond", "ov": "Tartu linn", "ay": "Tartu linn", "www": null, "url": null, "email": null, "telefon": null, "allikas": "Transpordiamet.Ühistranspordi infosüsteem", "andmeseis": "07.08.2022", "poi_id": 93764, "id": "125565", "vid": "7820289-2", "tyyp": 101204, "x": 659907, "y": 6474086, "pikkus": 26.7339643, "laius": 58.3779208, "kiht": "hp_bussipeatus" }, "geometry": { "type": "Point", "coordinates": [ 26.733964272108057, 58.37792077861134 ] } },
{ "type": "Feature", "properties": { "fid": 42315, "nimi": "Salemi", "alias": null, "ylemgrupp": "Transport", "grupp": "peatus", "alamgrupp": "bussipeatus", "tyypnimi": "bussipeatus", "aadress": "Tartu maakond, Tartu linn, Tartu linn, Kalevi tänav T75", "adrid": 3032212, "adsoid": "CU03244803", "mk": "Tartu maakond", "ov": "Tartu linn", "ay": "Tartu linn", "www": null, "url": null, "email": null, "telefon": null, "allikas": "Transpordiamet.Ühistranspordi infosüsteem", "andmeseis": "03.01.2021", "poi_id": 92281, "id": "26513", "vid": "7820231-1", "tyyp": 101204, "x": 659970, "y": 6473054, "pikkus": 26.7343285, "laius": 58.3686483, "kiht": "hp_bussipeatus" }, "geometry": { "type": "Point", "coordinates": [ 26.734328523027795, 58.368648347034103 ] } },
{ "type": "Feature", "properties": { "fid": 42397, "nimi": "Risti", "alias": null, "ylemgrupp": "Transport", "grupp": "peatus", "alamgrupp": "bussipeatus", "tyypnimi": "bussipeatus", "aadress": "Tartu maakond, Tartu linn, Tartu linn, Puiestee tänav T13", "adrid": 3037988, "adsoid": "CU00496072", "mk": "Tartu maakond", "ov": "Tartu linn", "ay": "Tartu linn", "www": null, "url": null, "email": null, "telefon": null, "allikas": "Transpordiamet.Ühistranspordi infosüsteem", "andmeseis": "27.12.2020", "poi_id": 89158, "id": "26507", "vid": "7820224-1", "tyyp": 101204, "x": 659124, "y": 6475633, "pikkus": 26.7216749, "laius": 58.3920867, "kiht": "hp_bussipeatus" }, "geometry": { "type": "Point", "coordinates": [ 26.721674912770272, 58.392086737906098 ] } },
{ "type": "Feature", "properties": { "fid": 42412, "nimi": "Soinaste III", "alias": null, "ylemgrupp": "Transport", "grupp": "peatus", "alamgrupp": "bussipeatus", "tyypnimi": "bussipeatus", "aadress": "Tartu maakond, Tartu linn, Tartu linn, Soinaste tänav T1", "adrid": 3025595, "adsoid": "CU00488433", "mk": "Tartu maakond", "ov": "Tartu linn", "ay": "Tartu linn", "www": null, "url": null, "email": null, "telefon": null, "allikas": "Transpordiamet.Ühistranspordi infosüsteem", "andmeseis": "05.11.2023", "poi_id": 89974, "id": "25945", "vid": "7820244-1", "tyyp": 101204, "x": 657914, "y": 6472405, "pikkus": 26.6987788, "laius": 58.3635662, "kiht": "hp_bussipeatus" }, "geometry": { "type": "Point", "coordinates": [ 26.698778845344645, 58.363566221447456 ] } },
{ "type": "Feature", "properties": { "fid": 42531, "nimi": "Kungla", "alias": null, "ylemgrupp": "Transport", "grupp": "peatus", "alamgrupp": "bussipeatus", "tyypnimi": "bussipeatus", "aadress": "Tartu maakond, Tartu linn, Tartu linn, Kesk kaar T1", "adrid": 3036374, "adsoid": "CU00489176", "mk": "Tartu maakond", "ov": "Tartu linn", "ay": "Tartu linn", "www": null, "url": null, "email": null, "telefon": null, "allikas": "Transpordiamet.Ühistranspordi infosüsteem", "andmeseis": "11.01.2021", "poi_id": 91085, "id": "25024", "vid": "7820112-1", "tyyp": 101204, "x": 658758, "y": 6472099, "pikkus": 26.7129769, "laius": 58.3605213, "kiht": "hp_bussipeatus" }, "geometry": { "type": "Point", "coordinates": [ 26.712976942919056, 58.360521271235854 ] } },
{ "type": "Feature", "properties": { "fid": 42546, "nimi": "Lammi", "alias": null, "ylemgrupp": "Transport", "grupp": "peatus", "alamgrupp": "bussipeatus", "tyypnimi": "bussipeatus", "aadress": "Tartu maakond, Tartu linn, Tartu linn, Lammi tänav T17", "adrid": 3030631, "adsoid": "CU00623952", "mk": "Tartu maakond", "ov": "Tartu linn", "ay": "Tartu linn", "www": null, "url": null, "email": null, "telefon": null, "allikas": "Transpordiamet.Ühistranspordi infosüsteem", "andmeseis": "03.01.2021", "poi_id": 88871, "id": "24893", "vid": "7820123-1", "tyyp": 101204, "x": 662557, "y": 6472146, "pikkus": 26.7778516, "laius": 58.3595403, "kiht": "hp_bussipeatus" }, "geometry": { "type": "Point", "coordinates": [ 26.777851573540158, 58.35954034159046 ] } },
{ "type": "Feature", "properties": { "fid": 42555, "nimi": "Atlantis", "alias": null, "ylemgrupp": "Transport", "grupp": "peatus", "alamgrupp": "bussipeatus", "tyypnimi": "bussipeatus", "aadress": "Tartu maakond, Tartu linn, Tartu linn, Narva maantee T1", "adrid": 3024465, "adsoid": "CU00618381", "mk": "Tartu maakond", "ov": "Tartu linn", "ay": "Tartu linn", "www": null, "url": null, "email": null, "telefon": null, "allikas": "Transpordiamet.Ühistranspordi infosüsteem", "andmeseis": "20.12.2020", "poi_id": 84752, "id": "24709", "vid": "7820020-1", "tyyp": 101204, "x": 659595, "y": 6474441, "pikkus": 26.7288959, "laius": 58.3812279, "kiht": "hp_bussipeatus" }, "geometry": { "type": "Point", "coordinates": [ 26.728895932574396, 58.381227854066459 ] } },
{ "type": "Feature", "properties": { "fid": 42597, "nimi": "Kraavi", "alias": null, "ylemgrupp": "Transport", "grupp": "peatus", "alamgrupp": "bussipeatus", "tyypnimi": "bussipeatus", "aadress": "Tartu maakond, Tartu linn, Tartu linn, Roopa tänav T1", "adrid": 3029856, "adsoid": "CU03985987", "mk": "Tartu maakond", "ov": "Tartu linn", "ay": "Tartu linn", "www": null, "url": null, "email": null, "telefon": null, "allikas": "Transpordiamet.Ühistranspordi infosüsteem", "andmeseis": "09.05.2023", "poi_id": 87600, "id": "122429", "vid": "7820100-1", "tyyp": 101204, "x": 658509, "y": 6471337, "pikkus": 26.7082035, "laius": 58.3537766, "kiht": "hp_bussipeatus" }, "geometry": { "type": "Point", "coordinates": [ 26.708203509792131, 58.35377663523181 ] } },
{ "type": "Feature", "properties": { "fid": 42707, "nimi": "Kesklinn II", "alias": null, "ylemgrupp": "Transport", "grupp": "peatus", "alamgrupp": "bussipeatus", "tyypnimi": "bussipeatus", "aadress": "Tartu maakond, Tartu linn, Tartu linn, Riia tänav T1", "adrid": 3034542, "adsoid": "CU01955374", "mk": "Tartu maakond", "ov": "Tartu linn", "ay": "Tartu linn", "www": null, "url": null, "email": null, "telefon": null, "allikas": "Transpordiamet.Ühistranspordi infosüsteem", "andmeseis": "27.12.2020", "poi_id": 90075, "id": "24876", "vid": "7820088-1", "tyyp": 101204, "x": 659555, "y": 6473995, "pikkus": 26.7279018, "laius": 58.3772402, "kiht": "hp_bussipeatus" }, "geometry": { "type": "Point", "coordinates": [ 26.727901818521826, 58.377240158356734 ] } },
{ "type": "Feature", "properties": { "fid": 42748, "nimi": "Kuperjanovi", "alias": null, "ylemgrupp": "Transport", "grupp": "peatus", "alamgrupp": "bussipeatus", "tyypnimi": "bussipeatus", "aadress": "Tartu maakond, Tartu linn, Tartu linn, J. Kuperjanovi tn 11 // Julius Kuperjanovi tänav T9", "adrid": 3082571, "adsoid": "CU01961770", "mk": "Tartu maakond", "ov": "Tartu linn", "ay": "Tartu linn", "www": null, "url": null, "email": null, "telefon": null, "allikas": "Transpordiamet.Ühistranspordi infosüsteem", "andmeseis": "18.08.2020", "poi_id": 91141, "id": "25025", "vid": "7820113-1", "tyyp": 101204, "x": 658540, "y": 6473811, "pikkus": 26.7104387, "laius": 58.3759515, "kiht": "hp_bussipeatus" }, "geometry": { "type": "Point", "coordinates": [ 26.7104386661989, 58.375951480080545 ] } },
{ "type": "Feature", "properties": { "fid": 43661, "nimi": "Soinaste II", "alias": null, "ylemgrupp": "Transport", "grupp": "peatus", "alamgrupp": "bussipeatus", "tyypnimi": "bussipeatus", "aadress": "Tartu maakond, Tartu linn, Tartu linn, Riia tänav T77", "adrid": 3024523, "adsoid": "CU01960682", "mk": "Tartu maakond", "ov": "Tartu linn", "ay": "Tartu linn", "www": null, "url": null, "email": null, "telefon": null, "allikas": "Transpordiamet.Ühistranspordi infosüsteem", "andmeseis": "05.11.2023", "poi_id": 93579, "id": "25943", "vid": "7820242-1", "tyyp": 101204, "x": 657834, "y": 6472438, "pikkus": 26.6974329, "laius": 58.3638942, "kiht": "hp_bussipeatus" }, "geometry": { "type": "Point", "coordinates": [ 26.697432931956584, 58.363894179310321 ] } },
{ "type": "Feature", "properties": { "fid": 43696, "nimi": "Linda", "alias": null, "ylemgrupp": "Transport", "grupp": "peatus", "alamgrupp": "bussipeatus", "tyypnimi": "bussipeatus", "aadress": "Tartu maakond, Tartu linn, Tartu linn, Tähe tänav T51", "adrid": 3030694, "adsoid": "CU00609253", "mk": "Tartu maakond", "ov": "Tartu linn", "ay": "Tartu linn", "www": null, "url": null, "email": null, "telefon": null, "allikas": "Transpordiamet.Ühistranspordi infosüsteem", "andmeseis": "05.11.2023", "poi_id": 93210, "id": "24897", "vid": "7820129-1", "tyyp": 101204, "x": 659706, "y": 6472854, "pikkus": 26.7296752, "laius": 58.3669492, "kiht": "hp_bussipeatus" }, "geometry": { "type": "Point", "coordinates": [ 26.729675214440586, 58.366949192985949 ] } },
{ "type": "Feature", "properties": { "fid": 43925, "nimi": "Kroonuaia", "alias": null, "ylemgrupp": "Transport", "grupp": "peatus", "alamgrupp": "bussipeatus", "tyypnimi": "bussipeatus", "aadress": "Tartu maakond, Tartu linn, Tartu linn, Kroonuaia tänav T1", "adrid": 3030705, "adsoid": "CU02009643", "mk": "Tartu maakond", "ov": "Tartu linn", "ay": "Tartu linn", "www": null, "url": null, "email": null, "telefon": null, "allikas": "Transpordiamet.Ühistranspordi infosüsteem", "andmeseis": "03.01.2021", "poi_id": 92973, "id": "24888", "vid": "7820107-1", "tyyp": 101204, "x": 659027, "y": 6474850, "pikkus": 26.719467, "laius": 58.3850984, "kiht": "hp_bussipeatus" }, "geometry": { "type": "Point", "coordinates": [ 26.719466989184561, 58.385098445745136 ] } },
{ "type": "Feature", "properties": { "fid": 44008, "nimi": "Kummeli", "alias": null, "ylemgrupp": "Transport", "grupp": "peatus", "alamgrupp": "bussipeatus", "tyypnimi": "bussipeatus", "aadress": "Tartu maakond, Tartu linn, Tartu linn, Kummeli tänav T1", "adrid": 3028225, "adsoid": "CU00605607", "mk": "Tartu maakond", "ov": "Tartu linn", "ay": "Tartu linn", "www": null, "url": null, "email": null, "telefon": null, "allikas": "Transpordiamet.Ühistranspordi infosüsteem", "andmeseis": "05.11.2023", "poi_id": 92984, "id": "31432", "vid": "7820110-1", "tyyp": 101204, "x": 658952, "y": 6476630, "pikkus": 26.7194218, "laius": 58.4010943, "kiht": "hp_bussipeatus" }, "geometry": { "type": "Point", "coordinates": [ 26.719421798711515, 58.401094298222894 ] } },
{ "type": "Feature", "properties": { "fid": 44058, "nimi": "Ringtee II", "alias": null, "ylemgrupp": "Transport", "grupp": "peatus", "alamgrupp": "bussipeatus", "tyypnimi": "bussipeatus", "aadress": "Tartu maakond, Tartu linn, Tartu linn, Võru tn 252", "adrid": 3066700, "adsoid": "CU03220227", "mk": "Tartu maakond", "ov": "Tartu linn", "ay": "Tartu linn", "www": null, "url": null, "email": null, "telefon": null, "allikas": "Transpordiamet.Ühistranspordi infosüsteem", "andmeseis": "05.11.2023", "poi_id": 93055, "id": "128369", "vid": "7820318-1", "tyyp": 101204, "x": 659011, "y": 6470088, "pikkus": 26.7158962, "laius": 58.3423858, "kiht": "hp_bussipeatus" }, "geometry": { "type": "Point", "coordinates": [ 26.715896239833935, 58.342385835572834 ] } },
{ "type": "Feature", "properties": { "fid": 44318, "nimi": "Suur kaar", "alias": null, "ylemgrupp": "Transport", "grupp": "peatus", "alamgrupp": "bussipeatus", "tyypnimi": "bussipeatus", "aadress": "Tartu maakond, Tartu linn, Tartu linn, Raudtee tänav T17", "adrid": 3037952, "adsoid": "CU02070597", "mk": "Tartu maakond", "ov": "Tartu linn", "ay": "Tartu linn", "www": null, "url": null, "email": null, "telefon": null, "allikas": "Transpordiamet.Ühistranspordi infosüsteem", "andmeseis": "18.08.2020", "poi_id": 93657, "id": "25951", "vid": "7820250-1", "tyyp": 101204, "x": 658829, "y": 6471793, "pikkus": 26.7139684, "laius": 58.3577432, "kiht": "hp_bussipeatus" }, "geometry": { "type": "Point", "coordinates": [ 26.713968356670396, 58.357743164299912 ] } },
{ "type": "Feature", "properties": { "fid": 44408, "nimi": "Vabadussild", "alias": null, "ylemgrupp": "Transport", "grupp": "peatus", "alamgrupp": "bussipeatus", "tyypnimi": "bussipeatus", "aadress": "Tartu maakond, Tartu linn, Tartu linn, Vabaduse puiestee T3", "adrid": 3033773, "adsoid": "CU03560769", "mk": "Tartu maakond", "ov": "Tartu linn", "ay": "Tartu linn", "www": null, "url": null, "email": null, "telefon": null, "allikas": "Transpordiamet.Ühistranspordi infosüsteem", "andmeseis": "09.05.2023", "poi_id": 157703, "id": "144371", "vid": "7820367-1", "tyyp": 101204, "x": 659279, "y": 6474667, "pikkus": 26.7236519, "laius": 58.3833663, "kiht": "hp_bussipeatus" }, "geometry": { "type": "Point", "coordinates": [ 26.723651900487095, 58.383366255731246 ] } },
{ "type": "Feature", "properties": { "fid": 44441, "nimi": "Aianduse", "alias": null, "ylemgrupp": "Transport", "grupp": "peatus", "alamgrupp": "bussipeatus", "tyypnimi": "bussipeatus", "aadress": "Tartu maakond, Tartu linn, Tartu linn, Võru tänav T109", "adrid": 3021997, "adsoid": "CU01829768", "mk": "Tartu maakond", "ov": "Tartu linn", "ay": "Tartu linn", "www": null, "url": null, "email": null, "telefon": null, "allikas": "Transpordiamet.Ühistranspordi infosüsteem", "andmeseis": "09.05.2023", "poi_id": 94192, "id": "33516", "vid": "7820005-1", "tyyp": 101204, "x": 659137, "y": 6471091, "pikkus": 26.7187442, "laius": 58.3513379, "kiht": "hp_bussipeatus" }, "geometry": { "type": "Point", "coordinates": [ 26.71874418915257, 58.351337911914378 ] } },
{ "type": "Feature", "properties": { "fid": 44447, "nimi": "Sinepi", "alias": null, "ylemgrupp": "Transport", "grupp": "peatus", "alamgrupp": "bussipeatus", "tyypnimi": "bussipeatus", "aadress": "Tartu maakond, Tartu linn, Tartu linn, Vahi tänav T61", "adrid": 3036412, "adsoid": "CU02326876", "mk": "Tartu maakond", "ov": "Tartu linn", "ay": "Tartu linn", "www": null, "url": null, "email": null, "telefon": null, "allikas": "Transpordiamet.Ühistranspordi infosüsteem", "andmeseis": "11.01.2021", "poi_id": 157704, "id": "144379", "vid": "7820363-1", "tyyp": 101204, "x": 658767, "y": 6476796, "pikkus": 26.7163669, "laius": 58.4026563, "kiht": "hp_bussipeatus" }, "geometry": { "type": "Point", "coordinates": [ 26.716366853174119, 58.402656341466731 ] } },
{ "type": "Feature", "properties": { "fid": 44448, "nimi": "Melissi", "alias": null, "ylemgrupp": "Transport", "grupp": "peatus", "alamgrupp": "bussipeatus", "tyypnimi": "bussipeatus", "aadress": "Tartu maakond, Tartu linn, Tartu linn, Vahi tänav T61", "adrid": 3036412, "adsoid": "CU02326876", "mk": "Tartu maakond", "ov": "Tartu linn", "ay": "Tartu linn", "www": null, "url": null, "email": null, "telefon": null, "allikas": "Transpordiamet.Ühistranspordi infosüsteem", "andmeseis": "11.01.2021", "poi_id": 157706, "id": "144381", "vid": "7820357-1", "tyyp": 101204, "x": 659112, "y": 6476720, "pikkus": 26.7222109, "laius": 58.401841, "kiht": "hp_bussipeatus" }, "geometry": { "type": "Point", "coordinates": [ 26.722210871236644, 58.401840994682871 ] } },
{ "type": "Feature", "properties": { "fid": 44449, "nimi": "Melissi", "alias": null, "ylemgrupp": "Transport", "grupp": "peatus", "alamgrupp": "bussipeatus", "tyypnimi": "bussipeatus", "aadress": "Tartu maakond, Tartu linn, Tartu linn, Vahi tänav T61", "adrid": 3036412, "adsoid": "CU02326876", "mk": "Tartu maakond", "ov": "Tartu linn", "ay": "Tartu linn", "www": null, "url": null, "email": null, "telefon": null, "allikas": "Transpordiamet.Ühistranspordi infosüsteem", "andmeseis": "11.01.2021", "poi_id": 157707, "id": "144382", "vid": "7820358-1", "tyyp": 101204, "x": 659061, "y": 6476726, "pikkus": 26.7213515, "laius": 58.4019183, "kiht": "hp_bussipeatus" }, "geometry": { "type": "Point", "coordinates": [ 26.721351529955435, 58.401918345299315 ] } },
{ "type": "Feature", "properties": { "fid": 44484, "nimi": "Rahumäe", "alias": null, "ylemgrupp": "Transport", "grupp": "peatus", "alamgrupp": "bussipeatus", "tyypnimi": "bussipeatus", "aadress": "Tartu maakond, Tartu linn, Tartu linn, Jaama tänav T205", "adrid": 3028268, "adsoid": "CU01997749", "mk": "Tartu maakond", "ov": "Tartu linn", "ay": "Tartu linn", "www": null, "url": null, "email": null, "telefon": null, "allikas": "Transpordiamet.Ühistranspordi infosüsteem", "andmeseis": "11.01.2021", "poi_id": 93243, "id": "26380", "vid": "7820199-1", "tyyp": 101204, "x": 662200, "y": 6474308, "pikkus": 26.7732915, "laius": 58.3790752, "kiht": "hp_bussipeatus" }, "geometry": { "type": "Point", "coordinates": [ 26.773291500390918, 58.379075248236127 ] } },
{ "type": "Feature", "properties": { "fid": 44502, "nimi": "Puidu", "alias": null, "ylemgrupp": "Transport", "grupp": "peatus", "alamgrupp": "bussipeatus", "tyypnimi": "bussipeatus", "aadress": "Tartu maakond, Tartu linn, Tartu linn, Puidu tänav T1", "adrid": 3034252, "adsoid": "CU00486981", "mk": "Tartu maakond", "ov": "Tartu linn", "ay": "Tartu linn", "www": null, "url": null, "email": null, "telefon": null, "allikas": "Transpordiamet.Ühistranspordi infosüsteem", "andmeseis": "11.01.2021", "poi_id": 157730, "id": "144466", "vid": "7820362-1", "tyyp": 101204, "x": 656663, "y": 6475405, "pikkus": 26.679461, "laius": 58.3909365, "kiht": "hp_bussipeatus" }, "geometry": { "type": "Point", "coordinates": [ 26.679460996753384, 58.390936460621866 ] } },
{ "type": "Feature", "properties": { "fid": 44503, "nimi": "Kaubabaas", "alias": null, "ylemgrupp": "Transport", "grupp": "peatus", "alamgrupp": "bussipeatus", "tyypnimi": "bussipeatus", "aadress": "Tartu maakond, Tartu linn, Tartu linn, Ravila tänav T53", "adrid": 3038017, "adsoid": "CU00487713", "mk": "Tartu maakond", "ov": "Tartu linn", "ay": "Tartu linn", "www": null, "url": null, "email": null, "telefon": null, "allikas": "Transpordiamet.Ühistranspordi infosüsteem", "andmeseis": "05.11.2023", "poi_id": 157731, "id": "144467", "vid": "7820348-1", "tyyp": 101204, "x": 656751, "y": 6474798, "pikkus": 26.68055, "laius": 58.3854552, "kiht": "hp_bussipeatus" }, "geometry": { "type": "Point", "coordinates": [ 26.680550030904797, 58.385455217184493 ] } },
{ "type": "Feature", "properties": { "fid": 44504, "nimi": "Laululava", "alias": null, "ylemgrupp": "Transport", "grupp": "peatus", "alamgrupp": "bussipeatus", "tyypnimi": "bussipeatus", "aadress": "Tartu maakond, Tartu linn, Tartu linn, Laulupeo pst 25", "adrid": 3075407, "adsoid": "CU00486846", "mk": "Tartu maakond", "ov": "Tartu linn", "ay": "Tartu linn", "www": null, "url": null, "email": null, "telefon": null, "allikas": "Transpordiamet.Ühistranspordi infosüsteem", "andmeseis": "11.01.2021", "poi_id": 157732, "id": "144468", "vid": "7820352-1", "tyyp": 101204, "x": 658161, "y": 6475250, "pikkus": 26.7049522, "laius": 58.3890062, "kiht": "hp_bussipeatus" }, "geometry": { "type": "Point", "coordinates": [ 26.70495224642907, 58.389006243619583 ] } },
{ "type": "Feature", "properties": { "fid": 44505, "nimi": "Piiri", "alias": null, "ylemgrupp": "Transport", "grupp": "peatus", "alamgrupp": "bussipeatus", "tyypnimi": "bussipeatus", "aadress": "Tartu maakond, Tartu linn, Tartu linn, Herne tänav T45", "adrid": 3035754, "adsoid": "CU00610580", "mk": "Tartu maakond", "ov": "Tartu linn", "ay": "Tartu linn", "www": null, "url": null, "email": null, "telefon": null, "allikas": "Transpordiamet.Ühistranspordi infosüsteem", "andmeseis": "11.01.2021", "poi_id": 157733, "id": "144469", "vid": "7820360-1", "tyyp": 101204, "x": 658393, "y": 6475176, "pikkus": 26.7088573, "laius": 58.3882589, "kiht": "hp_bussipeatus" }, "geometry": { "type": "Point", "coordinates": [ 26.708857316386933, 58.388258950043337 ] } },
{ "type": "Feature", "properties": { "fid": 44525, "nimi": "Soola II", "alias": null, "ylemgrupp": "Transport", "grupp": "peatus", "alamgrupp": "bussipeatus", "tyypnimi": "bussipeatus", "aadress": "Tartu maakond, Tartu linn, Tartu linn, Turu tänav T1", "adrid": 3032082, "adsoid": "CU01864340", "mk": "Tartu maakond", "ov": "Tartu linn", "ay": "Tartu linn", "www": null, "url": null, "email": null, "telefon": null, "allikas": "Transpordiamet.Ühistranspordi infosüsteem", "andmeseis": "07.08.2022", "poi_id": 98181, "id": "130363", "vid": "7820249-3", "tyyp": 101204, "x": 659721, "y": 6473957, "pikkus": 26.7307057, "laius": 58.3768359, "kiht": "hp_bussipeatus" }, "geometry": { "type": "Point", "coordinates": [ 26.730705663700746, 58.376835858271143 ] } },
{ "type": "Feature", "properties": { "fid": 44539, "nimi": "Kummeli", "alias": null, "ylemgrupp": "Transport", "grupp": "peatus", "alamgrupp": "bussipeatus", "tyypnimi": "bussipeatus", "aadress": "Tartu maakond, Tartu linn, Tartu linn, Kummeli tänav T1", "adrid": 3028225, "adsoid": "CU00605607", "mk": "Tartu maakond", "ov": "Tartu linn", "ay": "Tartu linn", "www": null, "url": null, "email": null, "telefon": null, "allikas": "Transpordiamet.Ühistranspordi infosüsteem", "andmeseis": "05.11.2023", "poi_id": 156502, "id": "144123", "vid": "7820351-1", "tyyp": 101204, "x": 659047, "y": 6476652, "pikkus": 26.7210631, "laius": 58.4012616, "kiht": "hp_bussipeatus" }, "geometry": { "type": "Point", "coordinates": [ 26.721063149266801, 58.401261607715711 ] } },
{ "type": "Feature", "properties": { "fid": 44628, "nimi": "Nõlvaku", "alias": null, "ylemgrupp": "Transport", "grupp": "peatus", "alamgrupp": "bussipeatus", "tyypnimi": "bussipeatus", "aadress": "Tartu maakond, Tartu linn, Tartu linn, Mõisavahe tänav T45", "adrid": 3022159, "adsoid": "CU02066865", "mk": "Tartu maakond", "ov": "Tartu linn", "ay": "Tartu linn", "www": null, "url": null, "email": null, "telefon": null, "allikas": "Transpordiamet.Ühistranspordi infosüsteem", "andmeseis": "11.01.2021", "poi_id": 93811, "id": "26672", "vid": "7820166-1", "tyyp": 101204, "x": 662653, "y": 6473623, "pikkus": 26.7805416, "laius": 58.3727582, "kiht": "hp_bussipeatus" }, "geometry": { "type": "Point", "coordinates": [ 26.780541612562342, 58.37275822126302 ] } },
{ "type": "Feature", "properties": { "fid": 44632, "nimi": "Lõkketule", "alias": null, "ylemgrupp": "Transport", "grupp": "peatus", "alamgrupp": "bussipeatus", "tyypnimi": "bussipeatus", "aadress": "Tartu maakond, Tartu linn, Tartu linn, Kasesalu tänav T1", "adrid": 3024549, "adsoid": "CU00499062", "mk": "Tartu maakond", "ov": "Tartu linn", "ay": "Tartu linn", "www": null, "url": null, "email": null, "telefon": null, "allikas": "Transpordiamet.Ühistranspordi infosüsteem", "andmeseis": "03.01.2021", "poi_id": 93786, "id": "25472", "vid": "7820137-1", "tyyp": 101204, "x": 662948, "y": 6470698, "pikkus": 26.7835032, "laius": 58.3464111, "kiht": "hp_bussipeatus" }, "geometry": { "type": "Point", "coordinates": [ 26.783503155170298, 58.34641109793521 ] } },
{ "type": "Feature", "properties": { "fid": 44634, "nimi": "Raja", "alias": null, "ylemgrupp": "Transport", "grupp": "peatus", "alamgrupp": "bussipeatus", "tyypnimi": "bussipeatus", "aadress": "Tartu maakond, Tartu linn, Tartu linn, Riia tänav T101", "adrid": 3030657, "adsoid": "CU01960693", "mk": "Tartu maakond", "ov": "Tartu linn", "ay": "Tartu linn", "www": null, "url": null, "email": null, "telefon": null, "allikas": "Transpordiamet.Ühistranspordi infosüsteem", "andmeseis": "18.08.2020", "poi_id": 93792, "id": "26382", "vid": "7820201-1", "tyyp": 101204, "x": 657496, "y": 6472187, "pikkus": 26.6914911, "laius": 58.3617643, "kiht": "hp_bussipeatus" }, "geometry": { "type": "Point", "coordinates": [ 26.691491110942369, 58.361764271183276 ] } },
{ "type": "Feature", "properties": { "fid": 44710, "nimi": "Vaba", "alias": null, "ylemgrupp": "Transport", "grupp": "peatus", "alamgrupp": "bussipeatus", "tyypnimi": "bussipeatus", "aadress": "Tartu maakond, Tartu linn, Tartu linn, Kalevi tänav T97", "adrid": 3038081, "adsoid": "CU00492447", "mk": "Tartu maakond", "ov": "Tartu linn", "ay": "Tartu linn", "www": null, "url": null, "email": null, "telefon": null, "allikas": "Transpordiamet.Ühistranspordi infosüsteem", "andmeseis": "11.01.2021", "poi_id": 86488, "id": "25939", "vid": "7820252-1", "tyyp": 101204, "x": 659993, "y": 6472714, "pikkus": 26.7344872, "laius": 58.3655898, "kiht": "hp_bussipeatus" }, "geometry": { "type": "Point", "coordinates": [ 26.734487175931715, 58.36558983403382 ] } },
{ "type": "Feature", "properties": { "fid": 44722, "nimi": "Kanali", "alias": null, "ylemgrupp": "Transport", "grupp": "peatus", "alamgrupp": "bussipeatus", "tyypnimi": "bussipeatus", "aadress": "Tartu maakond, Tartu linn, Tartu linn, Pikk tänav T67", "adrid": 3025312, "adsoid": "CU03629925", "mk": "Tartu maakond", "ov": "Tartu linn", "ay": "Tartu linn", "www": null, "url": null, "email": null, "telefon": null, "allikas": "Transpordiamet.Ühistranspordi infosüsteem", "andmeseis": "09.05.2023", "poi_id": 91286, "id": "26210", "vid": "7820067-1", "tyyp": 101204, "x": 660614, "y": 6473883, "pikkus": 26.7458952, "laius": 58.3758471, "kiht": "hp_bussipeatus" }, "geometry": { "type": "Point", "coordinates": [ 26.745895152653393, 58.375847142224949 ] } },
{ "type": "Feature", "properties": { "fid": 44723, "nimi": "Roopa", "alias": null, "ylemgrupp": "Transport", "grupp": "peatus", "alamgrupp": "bussipeatus", "tyypnimi": "bussipeatus", "aadress": "Tartu maakond, Tartu linn, Tartu linn, Roopa tänav T39", "adrid": 3036266, "adsoid": "CU01835252", "mk": "Tartu maakond", "ov": "Tartu linn", "ay": "Tartu linn", "www": null, "url": null, "email": null, "telefon": null, "allikas": "Transpordiamet.Ühistranspordi infosüsteem", "andmeseis": "29.11.2020", "poi_id": 91289, "id": "116457", "vid": "7820225-1", "tyyp": 101204, "x": 657914, "y": 6470750, "pikkus": 26.6976396, "laius": 58.348722, "kiht": "hp_bussipeatus" }, "geometry": { "type": "Point", "coordinates": [ 26.697639624947524, 58.348721952670083 ] } },
{ "type": "Feature", "properties": { "fid": 44738, "nimi": "Rebase", "alias": null, "ylemgrupp": "Transport", "grupp": "peatus", "alamgrupp": "bussipeatus", "tyypnimi": "bussipeatus", "aadress": "Tartu maakond, Tartu linn, Tartu linn, Turu tänav T25", "adrid": 3038963, "adsoid": "CU03439804", "mk": "Tartu maakond", "ov": "Tartu linn", "ay": "Tartu linn", "www": null, "url": null, "email": null, "telefon": null, "allikas": "Transpordiamet.Ühistranspordi infosüsteem", "andmeseis": "05.11.2023", "poi_id": 92797, "id": "26393", "vid": "7820215-1", "tyyp": 101204, "x": 660400, "y": 6473135, "pikkus": 26.7417274, "laius": 58.3692174, "kiht": "hp_bussipeatus" }, "geometry": { "type": "Point", "coordinates": [ 26.741727449738629, 58.369217431791206 ] } },
{ "type": "Feature", "properties": { "fid": 44785, "nimi": "Ihaste tee II", "alias": null, "ylemgrupp": "Transport", "grupp": "peatus", "alamgrupp": "bussipeatus", "tyypnimi": "bussipeatus", "aadress": "Tartu maakond, Tartu linn, Tartu linn, Ihaste tee T11", "adrid": 3022548, "adsoid": "CU03210873", "mk": "Tartu maakond", "ov": "Tartu linn", "ay": "Tartu linn", "www": null, "url": null, "email": null, "telefon": null, "allikas": "Transpordiamet.Ühistranspordi infosüsteem", "andmeseis": "05.11.2023", "poi_id": 92887, "id": "26081", "vid": "7820055-1", "tyyp": 101204, "x": 661491, "y": 6472283, "pikkus": 26.7597483, "laius": 58.3611696, "kiht": "hp_bussipeatus" }, "geometry": { "type": "Point", "coordinates": [ 26.759748333617214, 58.361169591848316 ] } },
{ "type": "Feature", "properties": { "fid": 44880, "nimi": "Laululava", "alias": null, "ylemgrupp": "Transport", "grupp": "peatus", "alamgrupp": "bussipeatus", "tyypnimi": "bussipeatus", "aadress": "Tartu maakond, Tartu linn, Tartu linn, Laulupeo pst 25", "adrid": 3075407, "adsoid": "CU00486846", "mk": "Tartu maakond", "ov": "Tartu linn", "ay": "Tartu linn", "www": null, "url": null, "email": null, "telefon": null, "allikas": "Transpordiamet.Ühistranspordi infosüsteem", "andmeseis": "05.11.2023", "poi_id": 93948, "id": "24894", "vid": "7820125-1", "tyyp": 101204, "x": 658146, "y": 6475271, "pikkus": 26.7047036, "laius": 58.3891952, "kiht": "hp_bussipeatus" }, "geometry": { "type": "Point", "coordinates": [ 26.704703583470287, 58.389195179920165 ] } },
{ "type": "Feature", "properties": { "fid": 44932, "nimi": "Ravila", "alias": null, "ylemgrupp": "Transport", "grupp": "peatus", "alamgrupp": "bussipeatus", "tyypnimi": "bussipeatus", "aadress": "Tartu maakond, Tartu linn, Tartu linn, Viljandi maantee T31", "adrid": 3022179, "adsoid": "CU01970574", "mk": "Tartu maakond", "ov": "Tartu linn", "ay": "Tartu linn", "www": null, "url": null, "email": null, "telefon": null, "allikas": "Transpordiamet.Ühistranspordi infosüsteem", "andmeseis": "09.05.2023", "poi_id": 89188, "id": "26390", "vid": "7820210-1", "tyyp": 101204, "x": 657331, "y": 6473069, "pikkus": 26.6892843, "laius": 58.3697359, "kiht": "hp_bussipeatus" }, "geometry": { "type": "Point", "coordinates": [ 26.689284343120548, 58.369735881485809 ] } },
{ "type": "Feature", "properties": { "fid": 44933, "nimi": "Aardla", "alias": null, "ylemgrupp": "Transport", "grupp": "peatus", "alamgrupp": "bussipeatus", "tyypnimi": "bussipeatus", "aadress": "Tartu maakond, Tartu linn, Tartu linn, Jalaka tänav T1", "adrid": 3029862, "adsoid": "CU01986249", "mk": "Tartu maakond", "ov": "Tartu linn", "ay": "Tartu linn", "www": null, "url": null, "email": null, "telefon": null, "allikas": "Transpordiamet.Ühistranspordi infosüsteem", "andmeseis": "03.01.2021", "poi_id": 89192, "id": "26846", "vid": "7820002-1", "tyyp": 101204, "x": 659359, "y": 6471475, "pikkus": 26.7227902, "laius": 58.3547008, "kiht": "hp_bussipeatus" }, "geometry": { "type": "Point", "coordinates": [ 26.722790244101777, 58.354700804870831 ] } },
{ "type": "Feature", "properties": { "fid": 44947, "nimi": "Zoomeedikum", "alias": null, "ylemgrupp": "Transport", "grupp": "peatus", "alamgrupp": "bussipeatus", "tyypnimi": "bussipeatus", "aadress": "Tartu maakond, Tartu linn, Tartu linn, Friedrich Reinhold Kreutzwaldi tänav T62", "adrid": 3031863, "adsoid": "CU03541185", "mk": "Tartu maakond", "ov": "Tartu linn", "ay": "Tartu linn", "www": null, "url": null, "email": null, "telefon": null, "allikas": "Transpordiamet.Ühistranspordi infosüsteem", "andmeseis": "19.09.2021", "poi_id": 94024, "id": "25960", "vid": "7820258-1", "tyyp": 101204, "x": 657116, "y": 6475667, "pikkus": 26.6873756, "laius": 58.3931165, "kiht": "hp_bussipeatus" }, "geometry": { "type": "Point", "coordinates": [ 26.687375603039399, 58.393116530552653 ] } },
{ "type": "Feature", "properties": { "fid": 44959, "nimi": "Turu ring", "alias": null, "ylemgrupp": "Transport", "grupp": "peatus", "alamgrupp": "bussipeatus", "tyypnimi": "bussipeatus", "aadress": "Tartu maakond, Tartu linn, Tartu linn, Ringtee tänav T37", "adrid": 3034509, "adsoid": "CU01851943", "mk": "Tartu maakond", "ov": "Tartu linn", "ay": "Tartu linn", "www": null, "url": null, "email": null, "telefon": null, "allikas": "Transpordiamet.Ühistranspordi infosüsteem", "andmeseis": "18.08.2020", "poi_id": 93152, "id": "128377", "vid": "7820322-1", "tyyp": 101204, "x": 660313, "y": 6470188, "pikkus": 26.7381836, "laius": 58.3428077, "kiht": "hp_bussipeatus" }, "geometry": { "type": "Point", "coordinates": [ 26.73818362282152, 58.342807720837719 ] } },
{ "type": "Feature", "properties": { "fid": 45001, "nimi": "Kasteheina", "alias": null, "ylemgrupp": "Transport", "grupp": "peatus", "alamgrupp": "bussipeatus", "tyypnimi": "bussipeatus", "aadress": "Tartu maakond, Tartu linn, Tartu linn, Kasesalu tänav T5", "adrid": 3038084, "adsoid": "CU00498939", "mk": "Tartu maakond", "ov": "Tartu linn", "ay": "Tartu linn", "www": null, "url": null, "email": null, "telefon": null, "allikas": "Transpordiamet.Ühistranspordi infosüsteem", "andmeseis": "05.11.2023", "poi_id": 93178, "id": "24730", "vid": "7820080-1", "tyyp": 101204, "x": 663168, "y": 6471023, "pikkus": 26.787489, "laius": 58.34924, "kiht": "hp_bussipeatus" }, "geometry": { "type": "Point", "coordinates": [ 26.787488989011603, 58.349240045345837 ] } },
{ "type": "Feature", "properties": { "fid": 45002, "nimi": "Salvest", "alias": null, "ylemgrupp": "Transport", "grupp": "peatus", "alamgrupp": "bussipeatus", "tyypnimi": "bussipeatus", "aadress": "Tartu maakond, Tartu linn, Tartu linn, Aruküla tee T1", "adrid": 3032733, "adsoid": "CU02010035", "mk": "Tartu maakond", "ov": "Tartu linn", "ay": "Tartu linn", "www": null, "url": null, "email": null, "telefon": null, "allikas": "Transpordiamet.Ühistranspordi infosüsteem", "andmeseis": "11.01.2021", "poi_id": 93182, "id": "28722", "vid": "7820233-1", "tyyp": 101204, "x": 658351, "y": 6476356, "pikkus": 26.708957, "laius": 58.3988562, "kiht": "hp_bussipeatus" }, "geometry": { "type": "Point", "coordinates": [ 26.708956981482871, 58.398856228691145 ] } },
{ "type": "Feature", "properties": { "fid": 45056, "nimi": "Eeden", "alias": null, "ylemgrupp": "Transport", "grupp": "peatus", "alamgrupp": "bussipeatus", "tyypnimi": "bussipeatus", "aadress": "Tartu maakond, Tartu linn, Tartu linn, Kalda tee T1", "adrid": 3029753, "adsoid": "CU03629923", "mk": "Tartu maakond", "ov": "Tartu linn", "ay": "Tartu linn", "www": null, "url": null, "email": null, "telefon": null, "allikas": "Transpordiamet.Ühistranspordi infosüsteem", "andmeseis": "20.12.2020", "poi_id": 94039, "id": "24718", "vid": "7820027-1", "tyyp": 101204, "x": 660942, "y": 6473672, "pikkus": 26.7513613, "laius": 58.3738329, "kiht": "hp_bussipeatus" }, "geometry": { "type": "Point", "coordinates": [ 26.751361324438687, 58.373832921004869 ] } },
{ "type": "Feature", "properties": { "fid": 45506, "nimi": "Muru", "alias": null, "ylemgrupp": "Transport", "grupp": "peatus", "alamgrupp": "bussipeatus", "tyypnimi": "bussipeatus", "aadress": "Tartu maakond, Tartu linn, Tartu linn, Kruusamäe tänav T41", "adrid": 3036344, "adsoid": "CU01995782", "mk": "Tartu maakond", "ov": "Tartu linn", "ay": "Tartu linn", "www": null, "url": null, "email": null, "telefon": null, "allikas": "Transpordiamet.Ühistranspordi infosüsteem", "andmeseis": "18.08.2020", "poi_id": 80866, "id": "26530", "vid": "7820150-1", "tyyp": 101204, "x": 658809, "y": 6476488, "pikkus": 26.7168756, "laius": 58.3998695, "kiht": "hp_bussipeatus" }, "geometry": { "type": "Point", "coordinates": [ 26.716875641413843, 58.399869544392793 ] } },
{ "type": "Feature", "properties": { "fid": 46123, "nimi": "Ropkamõisa", "alias": null, "ylemgrupp": "Transport", "grupp": "peatus", "alamgrupp": "bussipeatus", "tyypnimi": "bussipeatus", "aadress": "Tartu maakond, Tartu linn, Tartu linn, Aardla tänav T1", "adrid": 3028239, "adsoid": "CU00494354", "mk": "Tartu maakond", "ov": "Tartu linn", "ay": "Tartu linn", "www": null, "url": null, "email": null, "telefon": null, "allikas": "Transpordiamet.Ühistranspordi infosüsteem", "andmeseis": "09.05.2023", "poi_id": 85036, "id": "26510", "vid": "7820228-1", "tyyp": 101204, "x": 659613, "y": 6471591, "pikkus": 26.7272105, "laius": 58.3556541, "kiht": "hp_bussipeatus" }, "geometry": { "type": "Point", "coordinates": [ 26.727210504009918, 58.355654114839858 ] } },
{ "type": "Feature", "properties": { "fid": 46927, "nimi": "Lammi", "alias": null, "ylemgrupp": "Transport", "grupp": "peatus", "alamgrupp": "bussipeatus", "tyypnimi": "bussipeatus", "aadress": "Tartu maakond, Tartu linn, Tartu linn, Lammi tänav T17", "adrid": 3030631, "adsoid": "CU00623952", "mk": "Tartu maakond", "ov": "Tartu linn", "ay": "Tartu linn", "www": null, "url": null, "email": null, "telefon": null, "allikas": "Transpordiamet.Ühistranspordi infosüsteem", "andmeseis": "11.01.2021", "poi_id": 92533, "id": "24892", "vid": "7820122-1", "tyyp": 101204, "x": 662554, "y": 6472125, "pikkus": 26.777786, "laius": 58.3593553, "kiht": "hp_bussipeatus" }, "geometry": { "type": "Point", "coordinates": [ 26.77778603264721, 58.359355306608158 ] } },
{ "type": "Feature", "properties": { "fid": 47043, "nimi": "Roosi", "alias": null, "ylemgrupp": "Transport", "grupp": "peatus", "alamgrupp": "bussipeatus", "tyypnimi": "bussipeatus", "aadress": "Tartu maakond, Tartu linn, Tartu linn, Roosi tänav T83", "adrid": 3028323, "adsoid": "CU02149245", "mk": "Tartu maakond", "ov": "Tartu linn", "ay": "Tartu linn", "www": null, "url": null, "email": null, "telefon": null, "allikas": "Transpordiamet.Ühistranspordi infosüsteem", "andmeseis": "11.01.2021", "poi_id": 122511, "id": "136287", "vid": "7820334-1", "tyyp": 101204, "x": 660166, "y": 6475419, "pikkus": 26.7393294, "laius": 58.3897866, "kiht": "hp_bussipeatus" }, "geometry": { "type": "Point", "coordinates": [ 26.739329392253165, 58.38978664518249 ] } },
{ "type": "Feature", "properties": { "fid": 47062, "nimi": "Kaubabaas", "alias": null, "ylemgrupp": "Transport", "grupp": "peatus", "alamgrupp": "bussipeatus", "tyypnimi": "bussipeatus", "aadress": "Tartu maakond, Tartu linn, Tartu linn, Ravila tänav T53", "adrid": 3038017, "adsoid": "CU00487713", "mk": "Tartu maakond", "ov": "Tartu linn", "ay": "Tartu linn", "www": null, "url": null, "email": null, "telefon": null, "allikas": "Transpordiamet.Ühistranspordi infosüsteem", "andmeseis": "05.11.2023", "poi_id": 91524, "id": "24732", "vid": "7820082-1", "tyyp": 101204, "x": 656751, "y": 6474825, "pikkus": 26.6805718, "laius": 58.3856959, "kiht": "hp_bussipeatus" }, "geometry": { "type": "Point", "coordinates": [ 26.680571779670021, 58.385695933666057 ] } },
{ "type": "Feature", "properties": { "fid": 47092, "nimi": "Kivilinna", "alias": null, "ylemgrupp": "Transport", "grupp": "peatus", "alamgrupp": "bussipeatus", "tyypnimi": "bussipeatus", "aadress": "Tartu maakond, Tartu linn, Tartu linn, Jaama tänav T173", "adrid": 3030735, "adsoid": "CU01997686", "mk": "Tartu maakond", "ov": "Tartu linn", "ay": "Tartu linn", "www": null, "url": null, "email": null, "telefon": null, "allikas": "Transpordiamet.Ühistranspordi infosüsteem", "andmeseis": "09.05.2023", "poi_id": 90382, "id": "33503", "vid": "7820094-1", "tyyp": 101204, "x": 661644, "y": 6474405, "pikkus": 26.7638494, "laius": 58.3801481, "kiht": "hp_bussipeatus" }, "geometry": { "type": "Point", "coordinates": [ 26.763849350163564, 58.380148122640882 ] } },
{ "type": "Feature", "properties": { "fid": 47445, "nimi": "Vene", "alias": null, "ylemgrupp": "Transport", "grupp": "peatus", "alamgrupp": "bussipeatus", "tyypnimi": "bussipeatus", "aadress": "Tartu maakond, Tartu linn, Tartu linn, Narva maantee T29", "adrid": 3029703, "adsoid": "CU03816135", "mk": "Tartu maakond", "ov": "Tartu linn", "ay": "Tartu linn", "www": null, "url": null, "email": null, "telefon": null, "allikas": "Transpordiamet.Ühistranspordi infosüsteem", "andmeseis": "27.12.2020", "poi_id": 91362, "id": "26260", "vid": "7820302-1", "tyyp": 101204, "x": 659429, "y": 6474943, "pikkus": 26.7263941, "laius": 58.3857865, "kiht": "hp_bussipeatus" }, "geometry": { "type": "Point", "coordinates": [ 26.726394050860723, 58.385786458389809 ] } },
{ "type": "Feature", "properties": { "fid": 48071, "nimi": "Kasarmu", "alias": null, "ylemgrupp": "Transport", "grupp": "peatus", "alamgrupp": "bussipeatus", "tyypnimi": "bussipeatus", "aadress": "Tartu maakond, Tartu linn, Tartu linn, Puiestee tänav T73", "adrid": 3020579, "adsoid": "CU00496336", "mk": "Tartu maakond", "ov": "Tartu linn", "ay": "Tartu linn", "www": null, "url": null, "email": null, "telefon": null, "allikas": "Transpordiamet.Ühistranspordi infosüsteem", "andmeseis": "11.01.2021", "poi_id": 81115, "id": "25477", "vid": "7820076-1", "tyyp": 101204, "x": 659997, "y": 6475086, "pikkus": 26.7362035, "laius": 58.3868632, "kiht": "hp_bussipeatus" }, "geometry": { "type": "Point", "coordinates": [ 26.73620348266429, 58.386863174819425 ] } },
{ "type": "Feature", "properties": { "fid": 48087, "nimi": "Taara pst", "alias": null, "ylemgrupp": "Transport", "grupp": "peatus", "alamgrupp": "bussipeatus", "tyypnimi": "bussipeatus", "aadress": "Tartu maakond, Tartu linn, Tartu linn, Taara puiestee T1", "adrid": 3035718, "adsoid": "CU01961991", "mk": "Tartu maakond", "ov": "Tartu linn", "ay": "Tartu linn", "www": null, "url": null, "email": null, "telefon": null, "allikas": "Transpordiamet.Ühistranspordi infosüsteem", "andmeseis": "28.04.2024", "poi_id": 83459, "id": "25961", "vid": "7820260-1", "tyyp": 101204, "x": 658063, "y": 6474423, "pikkus": 26.7027129, "laius": 58.3816161, "kiht": "hp_bussipeatus" }, "geometry": { "type": "Point", "coordinates": [ 26.702712905462032, 58.381616110478461 ] } },
{ "type": "Feature", "properties": { "fid": 48262, "nimi": "Kalda tee", "alias": null, "ylemgrupp": "Transport", "grupp": "peatus", "alamgrupp": "bussipeatus", "tyypnimi": "bussipeatus", "aadress": "Tartu maakond, Tartu linn, Tartu linn, Kalda tee T3", "adrid": 3030531, "adsoid": "CU03629921", "mk": "Tartu maakond", "ov": "Tartu linn", "ay": "Tartu linn", "www": null, "url": null, "email": null, "telefon": null, "allikas": "Transpordiamet.Ühistranspordi infosüsteem", "andmeseis": "09.05.2023", "poi_id": 80171, "id": "26089", "vid": "7820063-1", "tyyp": 101204, "x": 661436, "y": 6473498, "pikkus": 26.7596633, "laius": 58.3720879, "kiht": "hp_bussipeatus" }, "geometry": { "type": "Point", "coordinates": [ 26.75966329525107, 58.372087929247996 ] } },
{ "type": "Feature", "properties": { "fid": 48272, "nimi": "Paju", "alias": null, "ylemgrupp": "Transport", "grupp": "peatus", "alamgrupp": "bussipeatus", "tyypnimi": "bussipeatus", "aadress": "Tartu maakond, Tartu linn, Tartu linn, Jaama tänav T89", "adrid": 3028267, "adsoid": "CU01997741", "mk": "Tartu maakond", "ov": "Tartu linn", "ay": "Tartu linn", "www": null, "url": null, "email": null, "telefon": null, "allikas": "Transpordiamet.Ühistranspordi infosüsteem", "andmeseis": "09.05.2023", "poi_id": 82425, "id": "26233", "vid": "7820174-1", "tyyp": 101204, "x": 660638, "y": 6474608, "pikkus": 26.7468251, "laius": 58.3823356, "kiht": "hp_bussipeatus" }, "geometry": { "type": "Point", "coordinates": [ 26.746825110892946, 58.38233556370313 ] } },
{ "type": "Feature", "properties": { "fid": 48278, "nimi": "Jannseni", "alias": null, "ylemgrupp": "Transport", "grupp": "peatus", "alamgrupp": "bussipeatus", "tyypnimi": "bussipeatus", "aadress": "Tartu maakond, Tartu linn, Tartu linn, Vaksali tänav T41", "adrid": 3024514, "adsoid": "CU01907340", "mk": "Tartu maakond", "ov": "Tartu linn", "ay": "Tartu linn", "www": null, "url": null, "email": null, "telefon": null, "allikas": "Transpordiamet.Ühistranspordi infosüsteem", "andmeseis": "09.05.2023", "poi_id": 82448, "id": "26071", "vid": "7820044-1", "tyyp": 101204, "x": 657613, "y": 6474358, "pikkus": 26.6949683, "laius": 58.3811943, "kiht": "hp_bussipeatus" }, "geometry": { "type": "Point", "coordinates": [ 26.694968291059524, 58.381194265874662 ] } },
{ "type": "Feature", "properties": { "fid": 48332, "nimi": "Männimetsa", "alias": null, "ylemgrupp": "Transport", "grupp": "peatus", "alamgrupp": "bussipeatus", "tyypnimi": "bussipeatus", "aadress": "Tartu maakond, Tartu linn, Tartu linn, Hipodroomi tänav T1", "adrid": 3025573, "adsoid": "CU01994330", "mk": "Tartu maakond", "ov": "Tartu linn", "ay": "Tartu linn", "www": null, "url": null, "email": null, "telefon": null, "allikas": "Transpordiamet.Ühistranspordi infosüsteem", "andmeseis": "09.05.2023", "poi_id": 83535, "id": "26533", "vid": "7820158-1", "tyyp": 101204, "x": 661924, "y": 6471404, "pikkus": 26.7665181, "laius": 58.3531186, "kiht": "hp_bussipeatus" }, "geometry": { "type": "Point", "coordinates": [ 26.766518057036571, 58.353118624853408 ] } },
{ "type": "Feature", "properties": { "fid": 48342, "nimi": "Tamme puiestee", "alias": null, "ylemgrupp": "Transport", "grupp": "peatus", "alamgrupp": "bussipeatus", "tyypnimi": "bussipeatus", "aadress": "Tartu maakond, Tartu linn, Tartu linn, Aardla tänav T79", "adrid": 3032131, "adsoid": "CU00489329", "mk": "Tartu maakond", "ov": "Tartu linn", "ay": "Tartu linn", "www": null, "url": null, "email": null, "telefon": null, "allikas": "Transpordiamet.Ühistranspordi infosüsteem", "andmeseis": "09.05.2023", "poi_id": 83500, "id": "26093", "vid": "7820263-1", "tyyp": 101204, "x": 657798, "y": 6471349, "pikkus": 26.6960766, "laius": 58.3541417, "kiht": "hp_bussipeatus" }, "geometry": { "type": "Point", "coordinates": [ 26.69607664978157, 58.354141658986414 ] } },
{ "type": "Feature", "properties": { "fid": 48393, "nimi": "Kruusamäe", "alias": null, "ylemgrupp": "Transport", "grupp": "peatus", "alamgrupp": "bussipeatus", "tyypnimi": "bussipeatus", "aadress": "Tartu maakond, Tartu linn, Tartu linn, Kruusamäe tänav T21", "adrid": 3030720, "adsoid": "CU01994405", "mk": "Tartu maakond", "ov": "Tartu linn", "ay": "Tartu linn", "www": null, "url": null, "email": null, "telefon": null, "allikas": "Transpordiamet.Ühistranspordi infosüsteem", "andmeseis": "11.01.2021", "poi_id": 82252, "id": "24889", "vid": "7820108-1", "tyyp": 101204, "x": 659211, "y": 6476332, "pikkus": 26.7236365, "laius": 58.3983249, "kiht": "hp_bussipeatus" }, "geometry": { "type": "Point", "coordinates": [ 26.723636524217685, 58.398324913234724 ] } },
{ "type": "Feature", "properties": { "fid": 48401, "nimi": "Turu ring", "alias": null, "ylemgrupp": "Transport", "grupp": "peatus", "alamgrupp": "bussipeatus", "tyypnimi": "bussipeatus", "aadress": "Tartu maakond, Tartu linn, Tartu linn, Ringtee tänav T37", "adrid": 3034509, "adsoid": "CU01851943", "mk": "Tartu maakond", "ov": "Tartu linn", "ay": "Tartu linn", "www": null, "url": null, "email": null, "telefon": null, "allikas": "Transpordiamet.Ühistranspordi infosüsteem", "andmeseis": "18.08.2020", "poi_id": 80442, "id": "128376", "vid": "7820321-1", "tyyp": 101204, "x": 660241, "y": 6470214, "pikkus": 26.7369675, "laius": 58.343063, "kiht": "hp_bussipeatus" }, "geometry": { "type": "Point", "coordinates": [ 26.736967516754319, 58.343062973264594 ] } },
{ "type": "Feature", "properties": { "fid": 48499, "nimi": "Linnamuuseum", "alias": null, "ylemgrupp": "Transport", "grupp": "peatus", "alamgrupp": "bussipeatus", "tyypnimi": "bussipeatus", "aadress": "Tartu maakond, Tartu linn, Tartu linn, Narva maantee T1", "adrid": 3024465, "adsoid": "CU00618381", "mk": "Tartu maakond", "ov": "Tartu linn", "ay": "Tartu linn", "www": null, "url": null, "email": null, "telefon": null, "allikas": "Transpordiamet.Ühistranspordi infosüsteem", "andmeseis": "05.11.2023", "poi_id": 82750, "id": "24879", "vid": "7820093-1", "tyyp": 101204, "x": 659541, "y": 6474585, "pikkus": 26.7280688, "laius": 58.3825316, "kiht": "hp_bussipeatus" }, "geometry": { "type": "Point", "coordinates": [ 26.728068819871396, 58.382531589326618 ] } },
{ "type": "Feature", "properties": { "fid": 48544, "nimi": "Riiamäe", "alias": null, "ylemgrupp": "Transport", "grupp": "peatus", "alamgrupp": "bussipeatus", "tyypnimi": "bussipeatus", "aadress": "Tartu maakond, Tartu linn, Tartu linn, Võru tänav T1", "adrid": 3021916, "adsoid": "CU01829352", "mk": "Tartu maakond", "ov": "Tartu linn", "ay": "Tartu linn", "www": null, "url": null, "email": null, "telefon": null, "allikas": "Transpordiamet.Ühistranspordi infosüsteem", "andmeseis": "27.12.2020", "poi_id": 82550, "id": "26398", "vid": "7820220-1", "tyyp": 101204, "x": 659281, "y": 6473507, "pikkus": 26.7228707, "laius": 58.3729612, "kiht": "hp_bussipeatus" }, "geometry": { "type": "Point", "coordinates": [ 26.722870688454563, 58.372961167793022 ] } },
{ "type": "Feature", "properties": { "fid": 48802, "nimi": "Peetri kirik", "alias": null, "ylemgrupp": "Transport", "grupp": "peatus", "alamgrupp": "bussipeatus", "tyypnimi": "bussipeatus", "aadress": "Tartu maakond, Tartu linn, Tartu linn, Puiestee tänav T43", "adrid": 3037987, "adsoid": "CU00496216", "mk": "Tartu maakond", "ov": "Tartu linn", "ay": "Tartu linn", "www": null, "url": null, "email": null, "telefon": null, "allikas": "Transpordiamet.Ühistranspordi infosüsteem", "andmeseis": "27.12.2020", "poi_id": 80298, "id": "26238", "vid": "7820179-1", "tyyp": 101204, "x": 659494, "y": 6475406, "pikkus": 26.7278263, "laius": 58.3899213, "kiht": "hp_bussipeatus" }, "geometry": { "type": "Point", "coordinates": [ 26.727826250618524, 58.389921338732179 ] } },
{ "type": "Feature", "properties": { "fid": 49040, "nimi": "Ihaste tee I", "alias": null, "ylemgrupp": "Transport", "grupp": "peatus", "alamgrupp": "bussipeatus", "tyypnimi": "bussipeatus", "aadress": "Tartu maakond, Tartu linn, Tartu linn, Ihaste tee T9", "adrid": 3032187, "adsoid": "CU03210871", "mk": "Tartu maakond", "ov": "Tartu linn", "ay": "Tartu linn", "www": null, "url": null, "email": null, "telefon": null, "allikas": "Transpordiamet.Ühistranspordi infosüsteem", "andmeseis": "09.05.2023", "poi_id": 83224, "id": "33512", "vid": "7820052-1", "tyyp": 101204, "x": 661410, "y": 6472696, "pikkus": 26.7586571, "laius": 58.3648991, "kiht": "hp_bussipeatus" }, "geometry": { "type": "Point", "coordinates": [ 26.758657065590068, 58.3648991227493 ] } },
{ "type": "Feature", "properties": { "fid": 49055, "nimi": "Männimetsa", "alias": null, "ylemgrupp": "Transport", "grupp": "peatus", "alamgrupp": "bussipeatus", "tyypnimi": "bussipeatus", "aadress": "Tartu maakond, Tartu linn, Tartu linn, Hipodroomi tänav T1", "adrid": 3025573, "adsoid": "CU01994330", "mk": "Tartu maakond", "ov": "Tartu linn", "ay": "Tartu linn", "www": null, "url": null, "email": null, "telefon": null, "allikas": "Transpordiamet.Ühistranspordi infosüsteem", "andmeseis": "03.01.2021", "poi_id": 89790, "id": "26531", "vid": "7820157-1", "tyyp": 101204, "x": 661904, "y": 6471434, "pikkus": 26.7661997, "laius": 58.3534028, "kiht": "hp_bussipeatus" }, "geometry": { "type": "Point", "coordinates": [ 26.766199657428189, 58.353402751631407 ] } },
{ "type": "Feature", "properties": { "fid": 49080, "nimi": "Nisu", "alias": null, "ylemgrupp": "Transport", "grupp": "peatus", "alamgrupp": "bussipeatus", "tyypnimi": "bussipeatus", "aadress": "Tartu maakond, Tartu linn, Tartu linn, Ravila tänav T19", "adrid": 3032843, "adsoid": "CU00487513", "mk": "Tartu maakond", "ov": "Tartu linn", "ay": "Tartu linn", "www": null, "url": null, "email": null, "telefon": null, "allikas": "Transpordiamet.Ühistranspordi infosüsteem", "andmeseis": "18.07.2021", "poi_id": 90660, "id": "26391", "vid": "7820211-1", "tyyp": 101204, "x": 657089, "y": 6473433, "pikkus": 26.685392, "laius": 58.3730889, "kiht": "hp_bussipeatus" }, "geometry": { "type": "Point", "coordinates": [ 26.68539199874732, 58.373088893508438 ] } },
{ "type": "Feature", "properties": { "fid": 49121, "nimi": "Annemõisa", "alias": null, "ylemgrupp": "Transport", "grupp": "peatus", "alamgrupp": "bussipeatus", "tyypnimi": "bussipeatus", "aadress": "Tartu maakond, Tartu linn, Tartu linn, Jaama tänav T207", "adrid": 3037360, "adsoid": "CU02137856", "mk": "Tartu maakond", "ov": "Tartu linn", "ay": "Tartu linn", "www": null, "url": null, "email": null, "telefon": null, "allikas": "Transpordiamet.Ühistranspordi infosüsteem", "andmeseis": "27.12.2020", "poi_id": 82829, "id": "33501", "vid": "7820016-1", "tyyp": 101204, "x": 662362, "y": 6474250, "pikkus": 26.7760042, "laius": 58.3784901, "kiht": "hp_bussipeatus" }, "geometry": { "type": "Point", "coordinates": [ 26.776004153431568, 58.378490137984286 ] } },
{ "type": "Feature", "properties": { "fid": 49130, "nimi": "Kraavi", "alias": null, "ylemgrupp": "Transport", "grupp": "peatus", "alamgrupp": "bussipeatus", "tyypnimi": "bussipeatus", "aadress": "Tartu maakond, Tartu linn, Tartu linn, Roopa tänav T1", "adrid": 3029856, "adsoid": "CU03985987", "mk": "Tartu maakond", "ov": "Tartu linn", "ay": "Tartu linn", "www": null, "url": null, "email": null, "telefon": null, "allikas": "Transpordiamet.Ühistranspordi infosüsteem", "andmeseis": "05.11.2023", "poi_id": 82017, "id": "128646", "vid": "7820102-1", "tyyp": 101204, "x": 658470, "y": 6471305, "pikkus": 26.7075046, "laius": 58.3535015, "kiht": "hp_bussipeatus" }, "geometry": { "type": "Point", "coordinates": [ 26.707504567277741, 58.353501504581999 ] } },
{ "type": "Feature", "properties": { "fid": 49185, "nimi": "Luha", "alias": null, "ylemgrupp": "Transport", "grupp": "peatus", "alamgrupp": "bussipeatus", "tyypnimi": "bussipeatus", "aadress": "Tartu maakond, Tartu linn, Tartu linn, Ihaste tee T1", "adrid": 3034419, "adsoid": "CU03629916", "mk": "Tartu maakond", "ov": "Tartu linn", "ay": "Tartu linn", "www": null, "url": null, "email": null, "telefon": null, "allikas": "Transpordiamet.Ühistranspordi infosüsteem", "andmeseis": "07.08.2022", "poi_id": 80655, "id": "119592", "vid": "7820135-1", "tyyp": 101204, "x": 661082, "y": 6473500, "pikkus": 26.753619, "laius": 58.3722363, "kiht": "hp_bussipeatus" }, "geometry": { "type": "Point", "coordinates": [ 26.753619028918774, 58.372236296425925 ] } },
{ "type": "Feature", "properties": { "fid": 49211, "nimi": "Raudteejaam", "alias": null, "ylemgrupp": "Transport", "grupp": "peatus", "alamgrupp": "bussipeatus", "tyypnimi": "bussipeatus", "aadress": "Tartu maakond, Tartu linn, Tartu linn, Vaksali tänav T19", "adrid": 3037246, "adsoid": "CU03613973", "mk": "Tartu maakond", "ov": "Tartu linn", "ay": "Tartu linn", "www": null, "url": null, "email": null, "telefon": null, "allikas": "Transpordiamet.Ühistranspordi infosüsteem", "andmeseis": "11.01.2021", "poi_id": 81685, "id": "128668", "vid": "7820208-2", "tyyp": 101204, "x": 658333, "y": 6473586, "pikkus": 26.7067425, "laius": 58.3740126, "kiht": "hp_bussipeatus" }, "geometry": { "type": "Point", "coordinates": [ 26.706742494649028, 58.374012629430709 ] } },
{ "type": "Feature", "properties": { "fid": 49247, "nimi": "Tamme puiestee", "alias": null, "ylemgrupp": "Transport", "grupp": "peatus", "alamgrupp": "bussipeatus", "tyypnimi": "bussipeatus", "aadress": "Tartu maakond, Tartu linn, Tartu linn, Aardla tänav T61", "adrid": 3028238, "adsoid": "CU00489470", "mk": "Tartu maakond", "ov": "Tartu linn", "ay": "Tartu linn", "www": null, "url": null, "email": null, "telefon": null, "allikas": "Transpordiamet.Ühistranspordi infosüsteem", "andmeseis": "03.01.2021", "poi_id": 86123, "id": "26104", "vid": "7820264-1", "tyyp": 101204, "x": 657856, "y": 6471353, "pikkus": 26.6970705, "laius": 58.3541503, "kiht": "hp_bussipeatus" }, "geometry": { "type": "Point", "coordinates": [ 26.697070515340499, 58.354150298790906 ] } },
{ "type": "Feature", "properties": { "fid": 49292, "nimi": "Palmihoone", "alias": null, "ylemgrupp": "Transport", "grupp": "peatus", "alamgrupp": "bussipeatus", "tyypnimi": "bussipeatus", "aadress": "Tartu maakond, Tartu linn, Tartu linn, Emajõe tänav T1", "adrid": 3032084, "adsoid": "CU01988611", "mk": "Tartu maakond", "ov": "Tartu linn", "ay": "Tartu linn", "www": null, "url": null, "email": null, "telefon": null, "allikas": "Transpordiamet.Ühistranspordi infosüsteem", "andmeseis": "05.11.2023", "poi_id": 82240, "id": "26234", "vid": "7820175-1", "tyyp": 101204, "x": 659225, "y": 6474867, "pikkus": 26.7228707, "laius": 58.3851847, "kiht": "hp_bussipeatus" }, "geometry": { "type": "Point", "coordinates": [ 26.722870679588176, 58.385184668722232 ] } },
{ "type": "Feature", "properties": { "fid": 49324, "nimi": "Annelinna keskus", "alias": null, "ylemgrupp": "Transport", "grupp": "peatus", "alamgrupp": "bussipeatus", "tyypnimi": "bussipeatus", "aadress": "Tartu maakond, Tartu linn, Tartu linn, Kalda tee 32b // Kalda tee T29", "adrid": 3074879, "adsoid": "CU03814453", "mk": "Tartu maakond", "ov": "Tartu linn", "ay": "Tartu linn", "www": null, "url": null, "email": null, "telefon": null, "allikas": "Transpordiamet.Ühistranspordi infosüsteem", "andmeseis": "20.12.2020", "poi_id": 81278, "id": "26857", "vid": "7820015-1", "tyyp": 101204, "x": 661908, "y": 6473230, "pikkus": 26.7675425, "laius": 58.369509, "kiht": "hp_bussipeatus" }, "geometry": { "type": "Point", "coordinates": [ 26.767542528466699, 58.369509015465525 ] } },
{ "type": "Feature", "properties": { "fid": 49430, "nimi": "Tulbi", "alias": null, "ylemgrupp": "Transport", "grupp": "peatus", "alamgrupp": "bussipeatus", "tyypnimi": "bussipeatus", "aadress": "Tartu maakond, Tartu linn, Tartu linn, Viljandi maantee T1", "adrid": 3036292, "adsoid": "CU03945913", "mk": "Tartu maakond", "ov": "Tartu linn", "ay": "Tartu linn", "www": null, "url": null, "email": null, "telefon": null, "allikas": "Transpordiamet.Ühistranspordi infosüsteem", "andmeseis": "11.01.2021", "poi_id": 85491, "id": "26261", "vid": "7820303-1", "tyyp": 101204, "x": 657586, "y": 6473247, "pikkus": 26.6937598, "laius": 58.3712446, "kiht": "hp_bussipeatus" }, "geometry": { "type": "Point", "coordinates": [ 26.693759771179408, 58.371244611102199 ] } },
{ "type": "Feature", "properties": { "fid": 49450, "nimi": "Jaama", "alias": null, "ylemgrupp": "Transport", "grupp": "peatus", "alamgrupp": "bussipeatus", "tyypnimi": "bussipeatus", "aadress": "Tartu maakond, Tartu linn, Tartu linn", "adrid": 3020414, "adsoid": "AY03658881", "mk": "Tartu maakond", "ov": "Tartu linn", "ay": "Tartu linn", "www": null, "url": null, "email": null, "telefon": null, "allikas": "Transpordiamet.Ühistranspordi infosüsteem", "andmeseis": "05.11.2023", "poi_id": 83097, "id": "26082", "vid": "7820056-1", "tyyp": 101204, "x": 660254, "y": 6474771, "pikkus": 26.7403781, "laius": 58.3839401, "kiht": "hp_bussipeatus" }, "geometry": { "type": "Point", "coordinates": [ 26.740378116235135, 58.383940100670451 ] } },
{ "type": "Feature", "properties": { "fid": 49455, "nimi": "Tref", "alias": null, "ylemgrupp": "Transport", "grupp": "peatus", "alamgrupp": "bussipeatus", "tyypnimi": "bussipeatus", "aadress": "Tartu maakond, Tartu linn, Tartu linn, Turu tänav T37", "adrid": 3032088, "adsoid": "CU01872994", "mk": "Tartu maakond", "ov": "Tartu linn", "ay": "Tartu linn", "www": null, "url": null, "email": null, "telefon": null, "allikas": "Transpordiamet.Ühistranspordi infosüsteem", "andmeseis": "11.01.2021", "poi_id": 83125, "id": "26119", "vid": "7820286-1", "tyyp": 101204, "x": 660360, "y": 6472197, "pikkus": 26.7403929, "laius": 58.3608126, "kiht": "hp_bussipeatus" }, "geometry": { "type": "Point", "coordinates": [ 26.740392881310761, 58.360812632354829 ] } },
{ "type": "Feature", "properties": { "fid": 49468, "nimi": "Maarjamõisa haigla", "alias": null, "ylemgrupp": "Transport", "grupp": "peatus", "alamgrupp": "bussipeatus", "tyypnimi": "bussipeatus", "aadress": "Tartu maakond, Tartu linn, Tartu linn, L. Puusepa tn 2 // 4 // 6 // 8", "adrid": 3046489, "adsoid": "CU00488071", "mk": "Tartu maakond", "ov": "Tartu linn", "ay": "Tartu linn", "www": null, "url": null, "email": null, "telefon": null, "allikas": "Transpordiamet.Ühistranspordi infosüsteem", "andmeseis": "18.08.2020", "poi_id": 83894, "id": "26523", "vid": "7820143-1", "tyyp": 101204, "x": 657843, "y": 6473117, "pikkus": 26.6980556, "laius": 58.3699823, "kiht": "hp_bussipeatus" }, "geometry": { "type": "Point", "coordinates": [ 26.698055647984297, 58.369982296865338 ] } },
{ "type": "Feature", "properties": { "fid": 49502, "nimi": "Kaunase puiestee", "alias": null, "ylemgrupp": "Transport", "grupp": "peatus", "alamgrupp": "bussipeatus", "tyypnimi": "bussipeatus", "aadress": "Tartu maakond, Tartu linn, Tartu linn, Kalda tee T13", "adrid": 3029752, "adsoid": "CU03713754", "mk": "Tartu maakond", "ov": "Tartu linn", "ay": "Tartu linn", "www": null, "url": null, "email": null, "telefon": null, "allikas": "Transpordiamet.Ühistranspordi infosüsteem", "andmeseis": "03.01.2021", "poi_id": 87160, "id": "24874", "vid": "7820087-1", "tyyp": 101204, "x": 661683, "y": 6473461, "pikkus": 26.7638548, "laius": 58.3716627, "kiht": "hp_bussipeatus" }, "geometry": { "type": "Point", "coordinates": [ 26.763854812162641, 58.371662660277934 ] } },
{ "type": "Feature", "properties": { "fid": 49513, "nimi": "Kasarmu", "alias": null, "ylemgrupp": "Transport", "grupp": "peatus", "alamgrupp": "bussipeatus", "tyypnimi": "bussipeatus", "aadress": "Tartu maakond, Tartu linn, Tartu linn, Puiestee tänav T73", "adrid": 3020579, "adsoid": "CU00496336", "mk": "Tartu maakond", "ov": "Tartu linn", "ay": "Tartu linn", "www": null, "url": null, "email": null, "telefon": null, "allikas": "Transpordiamet.Ühistranspordi infosüsteem", "andmeseis": "11.01.2021", "poi_id": 81644, "id": "25475", "vid": "7820075-1", "tyyp": 101204, "x": 659982, "y": 6475101, "pikkus": 26.7359567, "laius": 58.3870037, "kiht": "hp_bussipeatus" }, "geometry": { "type": "Point", "coordinates": [ 26.735956711258048, 58.387003701415701 ] } },
{ "type": "Feature", "properties": { "fid": 49520, "nimi": "Silla II", "alias": null, "ylemgrupp": "Transport", "grupp": "peatus", "alamgrupp": "bussipeatus", "tyypnimi": "bussipeatus", "aadress": "Tartu maakond, Tartu linn, Tartu linn, Turu tänav T25", "adrid": 3038963, "adsoid": "CU03439804", "mk": "Tartu maakond", "ov": "Tartu linn", "ay": "Tartu linn", "www": null, "url": null, "email": null, "telefon": null, "allikas": "Transpordiamet.Ühistranspordi infosüsteem", "andmeseis": "05.11.2023", "poi_id": 91724, "id": "26521", "vid": "7820239-1", "tyyp": 101204, "x": 660084, "y": 6473074, "pikkus": 26.7362796, "laius": 58.3687858, "kiht": "hp_bussipeatus" }, "geometry": { "type": "Point", "coordinates": [ 26.736279612413156, 58.36878578855908 ] } },
{ "type": "Feature", "properties": { "fid": 49522, "nimi": "Vangla", "alias": null, "ylemgrupp": "Transport", "grupp": "peatus", "alamgrupp": "bussipeatus", "tyypnimi": "bussipeatus", "aadress": "Tartu maakond, Tartu linn, Tartu linn, Turu tänav T53", "adrid": 3035732, "adsoid": "CU01873888", "mk": "Tartu maakond", "ov": "Tartu linn", "ay": "Tartu linn", "www": null, "url": null, "email": null, "telefon": null, "allikas": "Transpordiamet.Ühistranspordi infosüsteem", "andmeseis": "05.11.2023", "poi_id": 88581, "id": "26256", "vid": "7820298-1", "tyyp": 101204, "x": 660465, "y": 6470466, "pikkus": 26.7409654, "laius": 58.345246, "kiht": "hp_bussipeatus" }, "geometry": { "type": "Point", "coordinates": [ 26.740965383805491, 58.34524603978592 ] } },
{ "type": "Feature", "properties": { "fid": 49526, "nimi": "Tartu Maja IV", "alias": null, "ylemgrupp": "Transport", "grupp": "peatus", "alamgrupp": "bussipeatus", "tyypnimi": "bussipeatus", "aadress": "Tartu maakond, Tartu linn, Tartu linn, Betooni tänav T1", "adrid": 3030706, "adsoid": "CU00487712", "mk": "Tartu maakond", "ov": "Tartu linn", "ay": "Tartu linn", "www": null, "url": null, "email": null, "telefon": null, "allikas": "Transpordiamet.Ühistranspordi infosüsteem", "andmeseis": "11.01.2021", "poi_id": 88638, "id": "33511", "vid": "7820273-1", "tyyp": 101204, "x": 657050, "y": 6474406, "pikkus": 26.6853926, "laius": 58.3818319, "kiht": "hp_bussipeatus" }, "geometry": { "type": "Point", "coordinates": [ 26.685392583043171, 58.381831887970939 ] } },
{ "type": "Feature", "properties": { "fid": 49533, "nimi": "Pauluse", "alias": null, "ylemgrupp": "Transport", "grupp": "peatus", "alamgrupp": "bussipeatus", "tyypnimi": "bussipeatus", "aadress": "Tartu maakond, Tartu linn, Tartu linn, Riia tänav T25", "adrid": 3022082, "adsoid": "CU04012474", "mk": "Tartu maakond", "ov": "Tartu linn", "ay": "Tartu linn", "www": null, "url": null, "email": null, "telefon": null, "allikas": "Transpordiamet.Ühistranspordi infosüsteem", "andmeseis": "20.12.2020", "poi_id": 83511, "id": "26236", "vid": "7820177-1", "tyyp": 101204, "x": 658902, "y": 6473332, "pikkus": 26.7162839, "laius": 58.3715284, "kiht": "hp_bussipeatus" }, "geometry": { "type": "Point", "coordinates": [ 26.716283891660535, 58.371528402262477 ] } },
{ "type": "Feature", "properties": { "fid": 49548, "nimi": "Rahu", "alias": null, "ylemgrupp": "Transport", "grupp": "peatus", "alamgrupp": "bussipeatus", "tyypnimi": "bussipeatus", "aadress": "Tartu maakond, Tartu linn, Tartu linn, Võru tänav T75", "adrid": 3034010, "adsoid": "CU01829771", "mk": "Tartu maakond", "ov": "Tartu linn", "ay": "Tartu linn", "www": null, "url": null, "email": null, "telefon": null, "allikas": "Transpordiamet.Ühistranspordi infosüsteem", "andmeseis": "27.12.2020", "poi_id": 83309, "id": "26092", "vid": "7820066-1", "tyyp": 101204, "x": 659293, "y": 6471883, "pikkus": 26.7219473, "laius": 58.358386, "kiht": "hp_bussipeatus" }, "geometry": { "type": "Point", "coordinates": [ 26.721947296674177, 58.358386003821771 ] } },
{ "type": "Feature", "properties": { "fid": 49549, "nimi": "Võru ring", "alias": null, "ylemgrupp": "Transport", "grupp": "peatus", "alamgrupp": "bussipeatus", "tyypnimi": "bussipeatus", "aadress": "Tartu maakond, Tartu linn, Tartu linn, Ringtee tänav T1", "adrid": 3034511, "adsoid": "CU01851948", "mk": "Tartu maakond", "ov": "Tartu linn", "ay": "Tartu linn", "www": null, "url": null, "email": null, "telefon": null, "allikas": "Transpordiamet.Ühistranspordi infosüsteem", "andmeseis": "11.01.2021", "poi_id": 83314, "id": "128368", "vid": "7820325-1", "tyyp": 101204, "x": 658972, "y": 6470331, "pikkus": 26.715404, "laius": 58.3445811, "kiht": "hp_bussipeatus" }, "geometry": { "type": "Point", "coordinates": [ 26.715403990673778, 58.344581127641682 ] } },
{ "type": "Feature", "properties": { "fid": 49555, "nimi": "Tartu Maja III", "alias": null, "ylemgrupp": "Transport", "grupp": "peatus", "alamgrupp": "bussipeatus", "tyypnimi": "bussipeatus", "aadress": "Tartu maakond, Tartu linn, Tartu linn, Betooni tänav T1", "adrid": 3030706, "adsoid": "CU00487712", "mk": "Tartu maakond", "ov": "Tartu linn", "ay": "Tartu linn", "www": null, "url": null, "email": null, "telefon": null, "allikas": "Transpordiamet.Ühistranspordi infosüsteem", "andmeseis": "11.01.2021", "poi_id": 88273, "id": "123019", "vid": "7820272-1", "tyyp": 101204, "x": 657066, "y": 6474430, "pikkus": 26.6856791, "laius": 58.3820399, "kiht": "hp_bussipeatus" }, "geometry": { "type": "Point", "coordinates": [ 26.685679097810809, 58.382039897252902 ] } },
{ "type": "Feature", "properties": { "fid": 49655, "nimi": "Mõisavahe", "alias": null, "ylemgrupp": "Transport", "grupp": "peatus", "alamgrupp": "bussipeatus", "tyypnimi": "bussipeatus", "aadress": "Tartu maakond, Tartu linn, Tartu linn, Mõisavahe tänav T53", "adrid": 3037860, "adsoid": "CU01926671", "mk": "Tartu maakond", "ov": "Tartu linn", "ay": "Tartu linn", "www": null, "url": null, "email": null, "telefon": null, "allikas": "Transpordiamet.Ühistranspordi infosüsteem", "andmeseis": "05.11.2023", "poi_id": 82181, "id": "26527", "vid": "7820155-1", "tyyp": 101204, "x": 662362, "y": 6473249, "pikkus": 26.7753095, "laius": 58.3695115, "kiht": "hp_bussipeatus" }, "geometry": { "type": "Point", "coordinates": [ 26.775309524992871, 58.369511495664455 ] } },
{ "type": "Feature", "properties": { "fid": 49670, "nimi": "Taara pst", "alias": null, "ylemgrupp": "Transport", "grupp": "peatus", "alamgrupp": "bussipeatus", "tyypnimi": "bussipeatus", "aadress": "Tartu maakond, Tartu linn, Tartu linn, Taara puiestee T1", "adrid": 3035718, "adsoid": "CU01961991", "mk": "Tartu maakond", "ov": "Tartu linn", "ay": "Tartu linn", "www": null, "url": null, "email": null, "telefon": null, "allikas": "Transpordiamet.Ühistranspordi infosüsteem", "andmeseis": "28.04.2024", "poi_id": 91932, "id": "123048", "vid": "7820259-1", "tyyp": 101204, "x": 658113, "y": 6474401, "pikkus": 26.7035445, "laius": 58.3814078, "kiht": "hp_bussipeatus" }, "geometry": { "type": "Point", "coordinates": [ 26.703544450461393, 58.381407823520142 ] } },
{ "type": "Feature", "properties": { "fid": 49679, "nimi": "Optika", "alias": null, "ylemgrupp": "Transport", "grupp": "peatus", "alamgrupp": "bussipeatus", "tyypnimi": "bussipeatus", "aadress": "Tartu maakond, Tartu linn, Tartu linn, Optika tänav T7", "adrid": 3036967, "adsoid": "CU01754775", "mk": "Tartu maakond", "ov": "Tartu linn", "ay": "Tartu linn", "www": null, "url": null, "email": null, "telefon": null, "allikas": "Transpordiamet.Ühistranspordi infosüsteem", "andmeseis": "27.12.2020", "poi_id": 87915, "id": "122418", "vid": "7820171-1", "tyyp": 101204, "x": 656434, "y": 6471511, "pikkus": 26.672896, "laius": 58.3560777, "kiht": "hp_bussipeatus" }, "geometry": { "type": "Point", "coordinates": [ 26.67289601203732, 58.356077670834239 ] } },
{ "type": "Feature", "properties": { "fid": 49685, "nimi": "Pallase puiestee", "alias": null, "ylemgrupp": "Transport", "grupp": "peatus", "alamgrupp": "bussipeatus", "tyypnimi": "bussipeatus", "aadress": "Tartu maakond, Tartu linn, Tartu linn, Pallase puiestee T1", "adrid": 3036352, "adsoid": "CU01892580", "mk": "Tartu maakond", "ov": "Tartu linn", "ay": "Tartu linn", "www": null, "url": null, "email": null, "telefon": null, "allikas": "Transpordiamet.Ühistranspordi infosüsteem", "andmeseis": "03.01.2021", "poi_id": 87938, "id": "26079", "vid": "7820051-1", "tyyp": 101204, "x": 662851, "y": 6472085, "pikkus": 26.7828261, "laius": 58.3588864, "kiht": "hp_bussipeatus" }, "geometry": { "type": "Point", "coordinates": [ 26.782826115180509, 58.358886362233669 ] } },
{ "type": "Feature", "properties": { "fid": 49696, "nimi": "Tartu bussijaam", "alias": "Tartu", "ylemgrupp": "Transport", "grupp": "peatus", "alamgrupp": "bussipeatus", "tyypnimi": "bussipeatus", "aadress": "Tartu maakond, Tartu linn, Tartu linn, Soola tn 4a", "adrid": 3062679, "adsoid": "CU00491492", "mk": "Tartu maakond", "ov": "Tartu linn", "ay": "Tartu linn", "www": null, "url": null, "email": null, "telefon": null, "allikas": "Transpordiamet.Ühistranspordi infosüsteem", "andmeseis": "18.08.2020", "poi_id": 83450, "id": "33385", "vid": "7820271-1", "tyyp": 101204, "x": 659800, "y": 6474085, "pikkus": 26.7321418, "laius": 58.3779553, "kiht": "hp_bussipeatus" }, "geometry": { "type": "Point", "coordinates": [ 26.732141842647184, 58.377955312125017 ] } },
{ "type": "Feature", "properties": { "fid": 49726, "nimi": "Tuglase", "alias": null, "ylemgrupp": "Transport", "grupp": "peatus", "alamgrupp": "bussipeatus", "tyypnimi": "bussipeatus", "aadress": "Tartu maakond, Tartu linn, Tartu linn, F. R. Kreutzwaldi tn 52 // F. Tuglase tn 7", "adrid": 3052693, "adsoid": "CU00486826", "mk": "Tartu maakond", "ov": "Tartu linn", "ay": "Tartu linn", "www": null, "url": null, "email": null, "telefon": null, "allikas": "Transpordiamet.Ühistranspordi infosüsteem", "andmeseis": "27.12.2020", "poi_id": 90723, "id": "26121", "vid": "7820288-1", "tyyp": 101204, "x": 657576, "y": 6474915, "pikkus": 26.6947278, "laius": 58.386213, "kiht": "hp_bussipeatus" }, "geometry": { "type": "Point", "coordinates": [ 26.694727754450327, 58.386212985780283 ] } },
{ "type": "Feature", "properties": { "fid": 49787, "nimi": "Vene", "alias": null, "ylemgrupp": "Transport", "grupp": "peatus", "alamgrupp": "bussipeatus", "tyypnimi": "bussipeatus", "aadress": "Tartu maakond, Tartu linn, Tartu linn, Narva maantee T29", "adrid": 3029703, "adsoid": "CU03816135", "mk": "Tartu maakond", "ov": "Tartu linn", "ay": "Tartu linn", "www": null, "url": null, "email": null, "telefon": null, "allikas": "Transpordiamet.Ühistranspordi infosüsteem", "andmeseis": "27.12.2020", "poi_id": 81416, "id": "26112", "vid": "7820301-1", "tyyp": 101204, "x": 659452, "y": 6475042, "pikkus": 26.7268562, "laius": 58.3866683, "kiht": "hp_bussipeatus" }, "geometry": { "type": "Point", "coordinates": [ 26.726856235218332, 58.38666834091822 ] } },
{ "type": "Feature", "properties": { "fid": 49873, "nimi": "Betooni", "alias": null, "ylemgrupp": "Transport", "grupp": "peatus", "alamgrupp": "bussipeatus", "tyypnimi": "bussipeatus", "aadress": "Tartu maakond, Tartu linn, Tartu linn, Vaksali tänav T43", "adrid": 3027395, "adsoid": "CU01907341", "mk": "Tartu maakond", "ov": "Tartu linn", "ay": "Tartu linn", "www": null, "url": null, "email": null, "telefon": null, "allikas": "Transpordiamet.Ühistranspordi infosüsteem", "andmeseis": "27.12.2020", "poi_id": 84747, "id": "24712", "vid": "7820024-1", "tyyp": 101204, "x": 657389, "y": 6474618, "pikkus": 26.6913244, "laius": 58.3836081, "kiht": "hp_bussipeatus" }, "geometry": { "type": "Point", "coordinates": [ 26.691324395495275, 58.383608137442508 ] } },
{ "type": "Feature", "properties": { "fid": 49891, "nimi": "Puiestee", "alias": null, "ylemgrupp": "Transport", "grupp": "peatus", "alamgrupp": "bussipeatus", "tyypnimi": "bussipeatus", "aadress": "Tartu maakond, Tartu linn, Tartu linn, Puiestee tänav T95", "adrid": 3030707, "adsoid": "CU00496557", "mk": "Tartu maakond", "ov": "Tartu linn", "ay": "Tartu linn", "www": null, "url": null, "email": null, "telefon": null, "allikas": "Transpordiamet.Ühistranspordi infosüsteem", "andmeseis": "18.08.2020", "poi_id": 83457, "id": "26370", "vid": "7820189-1", "tyyp": 101204, "x": 660421, "y": 6474828, "pikkus": 26.7432598, "laius": 58.3843889, "kiht": "hp_bussipeatus" }, "geometry": { "type": "Point", "coordinates": [ 26.743259787974726, 58.384388873721036 ] } },
{ "type": "Feature", "properties": { "fid": 49916, "nimi": "Silla I", "alias": null, "ylemgrupp": "Transport", "grupp": "peatus", "alamgrupp": "bussipeatus", "tyypnimi": "bussipeatus", "aadress": "Tartu maakond, Tartu linn, Tartu linn, Turu tänav T25", "adrid": 3038963, "adsoid": "CU03439804", "mk": "Tartu maakond", "ov": "Tartu linn", "ay": "Tartu linn", "www": null, "url": null, "email": null, "telefon": null, "allikas": "Transpordiamet.Ühistranspordi infosüsteem", "andmeseis": "05.11.2023", "poi_id": 90506, "id": "26520", "vid": "7820238-1", "tyyp": 101204, "x": 660310, "y": 6473119, "pikkus": 26.7401716, "laius": 58.3691031, "kiht": "hp_bussipeatus" }, "geometry": { "type": "Point", "coordinates": [ 26.740171635431924, 58.369103124917366 ] } },
{ "type": "Feature", "properties": { "fid": 49928, "nimi": "Ringtee I", "alias": null, "ylemgrupp": "Transport", "grupp": "peatus", "alamgrupp": "bussipeatus", "tyypnimi": "bussipeatus", "aadress": "Tartu maakond, Tartu linn, Tartu linn, Võru tn 252", "adrid": 3066700, "adsoid": "CU03220227", "mk": "Tartu maakond", "ov": "Tartu linn", "ay": "Tartu linn", "www": null, "url": null, "email": null, "telefon": null, "allikas": "Transpordiamet.Ühistranspordi infosüsteem", "andmeseis": "05.11.2023", "poi_id": 88731, "id": "128371", "vid": "7820319-1", "tyyp": 101204, "x": 658953, "y": 6470009, "pikkus": 26.7148493, "laius": 58.3417022, "kiht": "hp_bussipeatus" }, "geometry": { "type": "Point", "coordinates": [ 26.714849338791929, 58.341702207520349 ] } },
{ "type": "Feature", "properties": { "fid": 49930, "nimi": "Karete", "alias": null, "ylemgrupp": "Transport", "grupp": "peatus", "alamgrupp": "bussipeatus", "tyypnimi": "bussipeatus", "aadress": "Tartu maakond, Tartu linn, Tartu linn, Jalaka tänav T33", "adrid": 3025423, "adsoid": "CU01988091", "mk": "Tartu maakond", "ov": "Tartu linn", "ay": "Tartu linn", "www": null, "url": null, "email": null, "telefon": null, "allikas": "Transpordiamet.Ühistranspordi infosüsteem", "andmeseis": "27.12.2020", "poi_id": 83692, "id": "25350", "vid": "7820072-1", "tyyp": 101204, "x": 659420, "y": 6470857, "pikkus": 26.723408, "laius": 58.3491329, "kiht": "hp_bussipeatus" }, "geometry": { "type": "Point", "coordinates": [ 26.723408043986449, 58.349132928348986 ] } },
{ "type": "Feature", "properties": { "fid": 49976, "nimi": "Eeden", "alias": null, "ylemgrupp": "Transport", "grupp": "peatus", "alamgrupp": "bussipeatus", "tyypnimi": "bussipeatus", "aadress": "Tartu maakond, Tartu linn, Tartu linn, Kalda tee T1", "adrid": 3029753, "adsoid": "CU03629923", "mk": "Tartu maakond", "ov": "Tartu linn", "ay": "Tartu linn", "www": null, "url": null, "email": null, "telefon": null, "allikas": "Transpordiamet.Ühistranspordi infosüsteem", "andmeseis": "20.12.2020", "poi_id": 91867, "id": "24719", "vid": "7820028-1", "tyyp": 101204, "x": 661000, "y": 6473672, "pikkus": 26.7523416, "laius": 58.3738067, "kiht": "hp_bussipeatus" }, "geometry": { "type": "Point", "coordinates": [ 26.752341611477487, 58.373806749451674 ] } },
{ "type": "Feature", "properties": { "fid": 49992, "nimi": "Kesklinn VI", "alias": null, "ylemgrupp": "Transport", "grupp": "peatus", "alamgrupp": "bussipeatus", "tyypnimi": "bussipeatus", "aadress": "Tartu maakond, Tartu linn, Tartu linn, Riia tänav T1", "adrid": 3034542, "adsoid": "CU01955374", "mk": "Tartu maakond", "ov": "Tartu linn", "ay": "Tartu linn", "www": null, "url": null, "email": null, "telefon": null, "allikas": "Transpordiamet.Ühistranspordi infosüsteem", "andmeseis": "27.12.2020", "poi_id": 81218, "id": "24734", "vid": "7820084-1", "tyyp": 101204, "x": 659476, "y": 6473955, "pikkus": 26.7265099, "laius": 58.3769095, "kiht": "hp_bussipeatus" }, "geometry": { "type": "Point", "coordinates": [ 26.726509939459664, 58.37690947943404 ] } },
{ "type": "Feature", "properties": { "fid": 50019, "nimi": "Tartu Näitused", "alias": null, "ylemgrupp": "Transport", "grupp": "peatus", "alamgrupp": "bussipeatus", "tyypnimi": "bussipeatus", "aadress": "Tartu maakond, Tartu linn, Tartu linn, Friedrich Reinhold Kreutzwaldi tänav T5", "adrid": 3036330, "adsoid": "CU01751767", "mk": "Tartu maakond", "ov": "Tartu linn", "ay": "Tartu linn", "www": null, "url": null, "email": null, "telefon": null, "allikas": "Transpordiamet.Ühistranspordi infosüsteem", "andmeseis": "03.01.2021", "poi_id": 80326, "id": "26111", "vid": "7820274-1", "tyyp": 101204, "x": 657545, "y": 6475240, "pikkus": 26.6944293, "laius": 58.3891392, "kiht": "hp_bussipeatus" }, "geometry": { "type": "Point", "coordinates": [ 26.694429319140145, 58.389139175478135 ] } },
{ "type": "Feature", "properties": { "fid": 50044, "nimi": "Lõuna", "alias": null, "ylemgrupp": "Transport", "grupp": "peatus", "alamgrupp": "bussipeatus", "tyypnimi": "bussipeatus", "aadress": "Tartu maakond, Tartu linn, Tartu linn, Ludvig Puusepa tänav T27", "adrid": 3032826, "adsoid": "CU00488107", "mk": "Tartu maakond", "ov": "Tartu linn", "ay": "Tartu linn", "www": null, "url": null, "email": null, "telefon": null, "allikas": "Transpordiamet.Ühistranspordi infosüsteem", "andmeseis": "20.12.2020", "poi_id": 80131, "id": "26231", "vid": "7820169-1", "tyyp": 101204, "x": 657764, "y": 6473658, "pikkus": 26.6970737, "laius": 58.3748657, "kiht": "hp_bussipeatus" }, "geometry": { "type": "Point", "coordinates": [ 26.697073692823889, 58.374865749260287 ] } },
{ "type": "Feature", "properties": { "fid": 50062, "nimi": "Ravila", "alias": null, "ylemgrupp": "Transport", "grupp": "peatus", "alamgrupp": "bussipeatus", "tyypnimi": "bussipeatus", "aadress": "Tartu maakond, Tartu linn, Tartu linn, Viljandi maantee T31", "adrid": 3022179, "adsoid": "CU01970574", "mk": "Tartu maakond", "ov": "Tartu linn", "ay": "Tartu linn", "www": null, "url": null, "email": null, "telefon": null, "allikas": "Transpordiamet.Ühistranspordi infosüsteem", "andmeseis": "24.03.2024", "poi_id": 88457, "id": "26389", "vid": "7820209-1", "tyyp": 101204, "x": 657330, "y": 6473076, "pikkus": 26.689273, "laius": 58.369798, "kiht": "hp_bussipeatus" }, "geometry": { "type": "Point", "coordinates": [ 26.68927301202686, 58.369798031387937 ] } },
{ "type": "Feature", "properties": { "fid": 51138, "nimi": "Pallase puiestee", "alias": null, "ylemgrupp": "Transport", "grupp": "peatus", "alamgrupp": "bussipeatus", "tyypnimi": "bussipeatus", "aadress": "Tartu maakond, Tartu linn, Tartu linn, Pallase puiestee T23", "adrid": 3038026, "adsoid": "CU01892581", "mk": "Tartu maakond", "ov": "Tartu linn", "ay": "Tartu linn", "www": null, "url": null, "email": null, "telefon": null, "allikas": "Transpordiamet.Ühistranspordi infosüsteem", "andmeseis": "09.05.2023", "poi_id": 89947, "id": "26078", "vid": "7820050-1", "tyyp": 101204, "x": 662936, "y": 6472076, "pikkus": 26.7842799, "laius": 58.3587759, "kiht": "hp_bussipeatus" }, "geometry": { "type": "Point", "coordinates": [ 26.784279945674641, 58.358775917186783 ] } },
{ "type": "Feature", "properties": { "fid": 51309, "nimi": "Narvamäe", "alias": null, "ylemgrupp": "Transport", "grupp": "peatus", "alamgrupp": "bussipeatus", "tyypnimi": "bussipeatus", "aadress": "Tartu maakond, Tartu linn, Tartu linn, Puiestee tänav T49", "adrid": 3034563, "adsoid": "CU00496296", "mk": "Tartu maakond", "ov": "Tartu linn", "ay": "Tartu linn", "www": null, "url": null, "email": null, "telefon": null, "allikas": "Transpordiamet.Ühistranspordi infosüsteem", "andmeseis": "05.11.2023", "poi_id": 81254, "id": "26671", "vid": "7820162-1", "tyyp": 101204, "x": 659637, "y": 6475318, "pikkus": 26.7302187, "laius": 58.3890734, "kiht": "hp_bussipeatus" }, "geometry": { "type": "Point", "coordinates": [ 26.730218691600562, 58.389073423184293 ] } },
{ "type": "Feature", "properties": { "fid": 51384, "nimi": "Metsamaja", "alias": null, "ylemgrupp": "Transport", "grupp": "peatus", "alamgrupp": "bussipeatus", "tyypnimi": "bussipeatus", "aadress": "Tartu maakond, Tartu linn, Tartu linn, Friedrich Reinhold Kreutzwaldi tänav T19", "adrid": 3032112, "adsoid": "CU01751556", "mk": "Tartu maakond", "ov": "Tartu linn", "ay": "Tartu linn", "www": null, "url": null, "email": null, "telefon": null, "allikas": "Transpordiamet.Ühistranspordi infosüsteem", "andmeseis": "03.01.2021", "poi_id": 86550, "id": "24714", "vid": "7820026-1", "tyyp": 101204, "x": 657334, "y": 6475727, "pikkus": 26.6911425, "laius": 58.3935764, "kiht": "hp_bussipeatus" }, "geometry": { "type": "Point", "coordinates": [ 26.691142549764866, 58.393576419591454 ] } },
{ "type": "Feature", "properties": { "fid": 51427, "nimi": "Riia ring", "alias": null, "ylemgrupp": "Transport", "grupp": "peatus", "alamgrupp": "bussipeatus", "tyypnimi": "bussipeatus", "aadress": "Tartu maakond, Tartu linn, Tartu linn, Riia tänav T167", "adrid": 3029887, "adsoid": "CU01960786", "mk": "Tartu maakond", "ov": "Tartu linn", "ay": "Tartu linn", "www": null, "url": null, "email": null, "telefon": null, "allikas": "Transpordiamet.Ühistranspordi infosüsteem", "andmeseis": "05.11.2023", "poi_id": 90614, "id": "26396", "vid": "7820218-1", "tyyp": 101204, "x": 657125, "y": 6471833, "pikkus": 26.6849222, "laius": 58.3587232, "kiht": "hp_bussipeatus" }, "geometry": { "type": "Point", "coordinates": [ 26.684922200637772, 58.358723219927278 ] } },
{ "type": "Feature", "properties": { "fid": 52181, "nimi": "AHHAA", "alias": null, "ylemgrupp": "Transport", "grupp": "peatus", "alamgrupp": "bussipeatus", "tyypnimi": "bussipeatus", "aadress": "Tartu maakond, Tartu linn, Tartu linn, Turu tn 8a", "adrid": 3072120, "adsoid": "CU00491522", "mk": "Tartu maakond", "ov": "Tartu linn", "ay": "Tartu linn", "www": null, "url": null, "email": null, "telefon": null, "allikas": "Transpordiamet.Ühistranspordi infosüsteem", "andmeseis": "11.01.2021", "poi_id": 160631, "id": "147922", "vid": "7820371-1", "tyyp": 101204, "x": 659887, "y": 6473979, "pikkus": 26.7335596, "laius": 58.3769713, "kiht": "hp_bussipeatus" }, "geometry": { "type": "Point", "coordinates": [ 26.733559554235836, 58.376971283399193 ] } },
{ "type": "Feature", "properties": { "fid": 52182, "nimi": "Kroonuaia", "alias": null, "ylemgrupp": "Transport", "grupp": "peatus", "alamgrupp": "bussipeatus", "tyypnimi": "bussipeatus", "aadress": "Tartu maakond, Tartu linn, Tartu linn, Oa tänav T1", "adrid": 3027562, "adsoid": "CU03227368", "mk": "Tartu maakond", "ov": "Tartu linn", "ay": "Tartu linn", "www": null, "url": null, "email": null, "telefon": null, "allikas": "Transpordiamet.Ühistranspordi infosüsteem", "andmeseis": "05.12.2021", "poi_id": 157735, "id": "144471", "vid": "7820350-1", "tyyp": 101204, "x": 659027, "y": 6474942, "pikkus": 26.7195257, "laius": 58.3859291, "kiht": "hp_bussipeatus" }, "geometry": { "type": "Point", "coordinates": [ 26.719525674791566, 58.38592910066756 ] } },
{ "type": "Feature", "properties": { "fid": 52363, "nimi": "Lemmatsi", "alias": null, "ylemgrupp": "Transport", "grupp": "peatus", "alamgrupp": "bussipeatus", "tyypnimi": "bussipeatus", "aadress": "Tartu maakond, Tartu linn, Tartu linn, Soinaste tänav T23", "adrid": 3036357, "adsoid": "CU00489482", "mk": "Tartu maakond", "ov": "Tartu linn", "ay": "Tartu linn", "www": null, "url": null, "email": null, "telefon": null, "allikas": "Transpordiamet.Ühistranspordi infosüsteem", "andmeseis": "11.01.2021", "poi_id": 87170, "id": "24896", "vid": "7820127-1", "tyyp": 101204, "x": 658173, "y": 6471933, "pikkus": 26.7028668, "laius": 58.359238, "kiht": "hp_bussipeatus" }, "geometry": { "type": "Point", "coordinates": [ 26.702866791489662, 58.359237967894344 ] } },
{ "type": "Feature", "properties": { "fid": 52444, "nimi": "Karlova kool", "alias": null, "ylemgrupp": "Transport", "grupp": "peatus", "alamgrupp": "bussipeatus", "tyypnimi": "bussipeatus", "aadress": "Tartu maakond, Tartu linn, Tartu linn, Kalevi tänav T59", "adrid": 3025618, "adsoid": "CU00491432", "mk": "Tartu maakond", "ov": "Tartu linn", "ay": "Tartu linn", "www": null, "url": null, "email": null, "telefon": null, "allikas": "Transpordiamet.Ühistranspordi infosüsteem", "andmeseis": "09.05.2023", "poi_id": 86975, "id": "25942", "vid": "7820074-1", "tyyp": 101204, "x": 659876, "y": 6473395, "pikkus": 26.7329497, "laius": 58.3717357, "kiht": "hp_bussipeatus" }, "geometry": { "type": "Point", "coordinates": [ 26.73294968271815, 58.371735693590288 ] } },
{ "type": "Feature", "properties": { "fid": 52676, "nimi": "Muru", "alias": null, "ylemgrupp": "Transport", "grupp": "peatus", "alamgrupp": "bussipeatus", "tyypnimi": "bussipeatus", "aadress": "Tartu maakond, Tartu linn, Tartu linn, Kruusamäe tänav T41", "adrid": 3036344, "adsoid": "CU01995782", "mk": "Tartu maakond", "ov": "Tartu linn", "ay": "Tartu linn", "www": null, "url": null, "email": null, "telefon": null, "allikas": "Transpordiamet.Ühistranspordi infosüsteem", "andmeseis": "11.01.2021", "poi_id": 85896, "id": "26529", "vid": "7820149-1", "tyyp": 101204, "x": 658817, "y": 6476459, "pikkus": 26.717, "laius": 58.3996063, "kiht": "hp_bussipeatus" }, "geometry": { "type": "Point", "coordinates": [ 26.716999959288927, 58.399606312088515 ] } },
{ "type": "Feature", "properties": { "fid": 52677, "nimi": "Kuperjanovi", "alias": null, "ylemgrupp": "Transport", "grupp": "peatus", "alamgrupp": "bussipeatus", "tyypnimi": "bussipeatus", "aadress": "Tartu maakond, Tartu linn, Tartu linn, J. Kuperjanovi tn 11 // Julius Kuperjanovi tänav T9", "adrid": 3082571, "adsoid": "CU01961770", "mk": "Tartu maakond", "ov": "Tartu linn", "ay": "Tartu linn", "www": null, "url": null, "email": null, "telefon": null, "allikas": "Transpordiamet.Ühistranspordi infosüsteem", "andmeseis": "27.12.2020", "poi_id": 85632, "id": "25026", "vid": "7820114-1", "tyyp": 101204, "x": 658533, "y": 6473814, "pikkus": 26.7103186, "laius": 58.3759872, "kiht": "hp_bussipeatus" }, "geometry": { "type": "Point", "coordinates": [ 26.710318597010467, 58.375987187524785 ] } },
{ "type": "Feature", "properties": { "fid": 52705, "nimi": "Tarmeko", "alias": null, "ylemgrupp": "Transport", "grupp": "peatus", "alamgrupp": "bussipeatus", "tyypnimi": "bussipeatus", "aadress": "Tartu maakond, Tartu linn, Tartu linn, Turu tänav T31", "adrid": 3029871, "adsoid": "CU01872998", "mk": "Tartu maakond", "ov": "Tartu linn", "ay": "Tartu linn", "www": null, "url": null, "email": null, "telefon": null, "allikas": "Transpordiamet.Ühistranspordi infosüsteem", "andmeseis": "11.01.2021", "poi_id": 91856, "id": "26108", "vid": "7820268-1", "tyyp": 101204, "x": 660327, "y": 6472559, "pikkus": 26.7400786, "laius": 58.3640689, "kiht": "hp_bussipeatus" }, "geometry": { "type": "Point", "coordinates": [ 26.740078628594343, 58.36406887272198 ] } },
{ "type": "Feature", "properties": { "fid": 52749, "nimi": "Roheline park", "alias": null, "ylemgrupp": "Transport", "grupp": "peatus", "alamgrupp": "bussipeatus", "tyypnimi": "bussipeatus", "aadress": "Tartu maakond, Tartu linn, Tartu linn, Roheline tänav", "adrid": 3031858, "adsoid": "CU03531880", "mk": "Tartu maakond", "ov": "Tartu linn", "ay": "Tartu linn", "www": null, "url": null, "email": null, "telefon": null, "allikas": "Transpordiamet.Ühistranspordi infosüsteem", "andmeseis": "03.01.2021", "poi_id": 128948, "id": "140318", "vid": "7820341-1", "tyyp": 101204, "x": 656981, "y": 6476042, "pikkus": 26.6853364, "laius": 58.3965297, "kiht": "hp_bussipeatus" }, "geometry": { "type": "Point", "coordinates": [ 26.68533643148621, 58.396529664560738 ] } },
{ "type": "Feature", "properties": { "fid": 52750, "nimi": "Jänese", "alias": null, "ylemgrupp": "Transport", "grupp": "peatus", "alamgrupp": "bussipeatus", "tyypnimi": "bussipeatus", "aadress": "Tartu maakond, Tartu linn, Tartu linn, Narva maantee T157", "adrid": 3022001, "adsoid": "CU00615766", "mk": "Tartu maakond", "ov": "Tartu linn", "ay": "Tartu linn", "www": null, "url": null, "email": null, "telefon": null, "allikas": "Transpordiamet.Ühistranspordi infosüsteem", "andmeseis": "11.01.2021", "poi_id": 81535, "id": "26084", "vid": "7820058-1", "tyyp": 101204, "x": 659714, "y": 6475685, "pikkus": 26.7317794, "laius": 58.3923432, "kiht": "hp_bussipeatus" }, "geometry": { "type": "Point", "coordinates": [ 26.731779442210865, 58.392343238703944 ] } },
{ "type": "Feature", "properties": { "fid": 52755, "nimi": "Postimaja", "alias": null, "ylemgrupp": "Transport", "grupp": "peatus", "alamgrupp": "bussipeatus", "tyypnimi": "bussipeatus", "aadress": "Tartu maakond, Tartu linn, Tartu linn, Võru tänav T163", "adrid": 3024483, "adsoid": "CU01829770", "mk": "Tartu maakond", "ov": "Tartu linn", "ay": "Tartu linn", "www": null, "url": null, "email": null, "telefon": null, "allikas": "Transpordiamet.Ühistranspordi infosüsteem", "andmeseis": "03.01.2021", "poi_id": 88752, "id": "128044", "vid": "7820316-1", "tyyp": 101204, "x": 658922, "y": 6470418, "pikkus": 26.7146177, "laius": 58.3453777, "kiht": "hp_bussipeatus" }, "geometry": { "type": "Point", "coordinates": [ 26.71461766215959, 58.345377748210275 ] } },
{ "type": "Feature", "properties": { "fid": 53600, "nimi": "Kastani", "alias": null, "ylemgrupp": "Transport", "grupp": "peatus", "alamgrupp": "bussipeatus", "tyypnimi": "bussipeatus", "aadress": "Tartu maakond, Tartu linn, Tartu linn, Võru tänav T37", "adrid": 3029852, "adsoid": "CU01829350", "mk": "Tartu maakond", "ov": "Tartu linn", "ay": "Tartu linn", "www": null, "url": null, "email": null, "telefon": null, "allikas": "Transpordiamet.Ühistranspordi infosüsteem", "andmeseis": "05.11.2023", "poi_id": 89089, "id": "24728", "vid": "7820078-1", "tyyp": 101204, "x": 659234, "y": 6472698, "pikkus": 26.7215113, "laius": 58.3657166, "kiht": "hp_bussipeatus" }, "geometry": { "type": "Point", "coordinates": [ 26.72151127494929, 58.3657165964526 ] } },
{ "type": "Feature", "properties": { "fid": 53657, "nimi": "Riia ring", "alias": null, "ylemgrupp": "Transport", "grupp": "peatus", "alamgrupp": "bussipeatus", "tyypnimi": "bussipeatus", "aadress": "Tartu maakond, Tartu linn, Tartu linn, Riia tänav T167", "adrid": 3029887, "adsoid": "CU01960786", "mk": "Tartu maakond", "ov": "Tartu linn", "ay": "Tartu linn", "www": null, "url": null, "email": null, "telefon": null, "allikas": "Transpordiamet.Ühistranspordi infosüsteem", "andmeseis": "09.05.2023", "poi_id": 90017, "id": "26395", "vid": "7820217-1", "tyyp": 101204, "x": 657081, "y": 6471814, "pikkus": 26.6841487, "laius": 58.3585654, "kiht": "hp_bussipeatus" }, "geometry": { "type": "Point", "coordinates": [ 26.684148681850139, 58.358565357603474 ] } },
{ "type": "Feature", "properties": { "fid": 53743, "nimi": "Nurme", "alias": null, "ylemgrupp": "Transport", "grupp": "peatus", "alamgrupp": "bussipeatus", "tyypnimi": "bussipeatus", "aadress": "Tartu maakond, Tartu linn, Tartu linn, Puiestee tänav T13", "adrid": 3037988, "adsoid": "CU00496072", "mk": "Tartu maakond", "ov": "Tartu linn", "ay": "Tartu linn", "www": null, "url": null, "email": null, "telefon": null, "allikas": "Transpordiamet.Ühistranspordi infosüsteem", "andmeseis": "27.12.2020", "poi_id": 89502, "id": "26679", "vid": "7820164-1", "tyyp": 101204, "x": 658907, "y": 6475760, "pikkus": 26.7180432, "laius": 58.3933065, "kiht": "hp_bussipeatus" }, "geometry": { "type": "Point", "coordinates": [ 26.718043164971746, 58.393306465774984 ] } },
{ "type": "Feature", "properties": { "fid": 53976, "nimi": "Suur kaar", "alias": null, "ylemgrupp": "Transport", "grupp": "peatus", "alamgrupp": "bussipeatus", "tyypnimi": "bussipeatus", "aadress": "Tartu maakond, Tartu linn, Tartu linn, Raudtee tänav T17", "adrid": 3037952, "adsoid": "CU02070597", "mk": "Tartu maakond", "ov": "Tartu linn", "ay": "Tartu linn", "www": null, "url": null, "email": null, "telefon": null, "allikas": "Transpordiamet.Ühistranspordi infosüsteem", "andmeseis": "05.11.2023", "poi_id": 81781, "id": "25959", "vid": "7820251-1", "tyyp": 101204, "x": 658810, "y": 6471784, "pikkus": 26.7136498, "laius": 58.3576736, "kiht": "hp_bussipeatus" }, "geometry": { "type": "Point", "coordinates": [ 26.713649785530585, 58.357673562998485 ] } },
{ "type": "Feature", "properties": { "fid": 54069, "nimi": "Sepa turg", "alias": null, "ylemgrupp": "Transport", "grupp": "peatus", "alamgrupp": "bussipeatus", "tyypnimi": "bussipeatus", "aadress": "Tartu maakond, Tartu linn, Tartu linn, Turu tänav T45", "adrid": 3032801, "adsoid": "CU01873000", "mk": "Tartu maakond", "ov": "Tartu linn", "ay": "Tartu linn", "www": null, "url": null, "email": null, "telefon": null, "allikas": "Transpordiamet.Ühistranspordi infosüsteem", "andmeseis": "05.11.2023", "poi_id": 85329, "id": "26518", "vid": "7820235-1", "tyyp": 101204, "x": 660454, "y": 6470973, "pikkus": 26.7411375, "laius": 58.3497937, "kiht": "hp_bussipeatus" }, "geometry": { "type": "Point", "coordinates": [ 26.74113754033857, 58.349793716527451 ] } },
{ "type": "Feature", "properties": { "fid": 54079, "nimi": "Soola I", "alias": null, "ylemgrupp": "Transport", "grupp": "peatus", "alamgrupp": "bussipeatus", "tyypnimi": "bussipeatus", "aadress": "Tartu maakond, Tartu linn, Tartu linn, Turu tänav T1", "adrid": 3032082, "adsoid": "CU01864340", "mk": "Tartu maakond", "ov": "Tartu linn", "ay": "Tartu linn", "www": null, "url": null, "email": null, "telefon": null, "allikas": "Transpordiamet.Ühistranspordi infosüsteem", "andmeseis": "13.08.2023", "poi_id": 93427, "id": "26122", "vid": "7820249-1", "tyyp": 101204, "x": 659682, "y": 6473992, "pikkus": 26.7300578, "laius": 58.3771684, "kiht": "hp_bussipeatus" }, "geometry": { "type": "Point", "coordinates": [ 26.730057808687931, 58.377168447100601 ] } },
{ "type": "Feature", "properties": { "fid": 54133, "nimi": "Kaare", "alias": null, "ylemgrupp": "Transport", "grupp": "peatus", "alamgrupp": "bussipeatus", "tyypnimi": "bussipeatus", "aadress": "Tartu maakond, Tartu linn, Tartu linn, Riia tänav T59", "adrid": 3020550, "adsoid": "CU01956353", "mk": "Tartu maakond", "ov": "Tartu linn", "ay": "Tartu linn", "www": null, "url": null, "email": null, "telefon": null, "allikas": "Transpordiamet.Ühistranspordi infosüsteem", "andmeseis": "05.11.2023", "poi_id": 94062, "id": "26085", "vid": "7820059-1", "tyyp": 101204, "x": 658156, "y": 6472701, "pikkus": 26.7031088, "laius": 58.3661406, "kiht": "hp_bussipeatus" }, "geometry": { "type": "Point", "coordinates": [ 26.703108772558544, 58.366140614657766 ] } },
{ "type": "Feature", "properties": { "fid": 54994, "nimi": "Paju", "alias": null, "ylemgrupp": "Transport", "grupp": "peatus", "alamgrupp": "bussipeatus", "tyypnimi": "bussipeatus", "aadress": "Tartu maakond, Tartu linn, Tartu linn, Jaama tänav T89", "adrid": 3028267, "adsoid": "CU01997741", "mk": "Tartu maakond", "ov": "Tartu linn", "ay": "Tartu linn", "www": null, "url": null, "email": null, "telefon": null, "allikas": "Transpordiamet.Ühistranspordi infosüsteem", "andmeseis": "27.12.2020", "poi_id": 91613, "id": "133805", "vid": "7820329-1", "tyyp": 101204, "x": 660576, "y": 6474636, "pikkus": 26.7457777, "laius": 58.3826115, "kiht": "hp_bussipeatus" }, "geometry": { "type": "Point", "coordinates": [ 26.745777662955607, 58.382611503915051 ] } },
{ "type": "Feature", "properties": { "fid": 55071, "nimi": "Betooni", "alias": null, "ylemgrupp": "Transport", "grupp": "peatus", "alamgrupp": "bussipeatus", "tyypnimi": "bussipeatus", "aadress": "Tartu maakond, Tartu linn, Tartu linn, Vaksali tänav T43", "adrid": 3027395, "adsoid": "CU01907341", "mk": "Tartu maakond", "ov": "Tartu linn", "ay": "Tartu linn", "www": null, "url": null, "email": null, "telefon": null, "allikas": "Transpordiamet.Ühistranspordi infosüsteem", "andmeseis": "27.12.2020", "poi_id": 94093, "id": "24713", "vid": "7820025-1", "tyyp": 101204, "x": 657404, "y": 6474615, "pikkus": 26.6915907, "laius": 58.3835782, "kiht": "hp_bussipeatus" }, "geometry": { "type": "Point", "coordinates": [ 26.691590715808303, 58.383578171012822 ] } },
{ "type": "Feature", "properties": { "fid": 55197, "nimi": "Pepleri", "alias": null, "ylemgrupp": "Transport", "grupp": "peatus", "alamgrupp": "bussipeatus", "tyypnimi": "bussipeatus", "aadress": "Tartu maakond, Tartu linn, Tartu linn, Pepleri tänav T23", "adrid": 3028211, "adsoid": "CU01954958", "mk": "Tartu maakond", "ov": "Tartu linn", "ay": "Tartu linn", "www": null, "url": null, "email": null, "telefon": null, "allikas": "Transpordiamet.Ühistranspordi infosüsteem", "andmeseis": "27.12.2020", "poi_id": 90127, "id": "26130", "vid": "7820182-1", "tyyp": 101204, "x": 659074, "y": 6473611, "pikkus": 26.7194089, "laius": 58.3739657, "kiht": "hp_bussipeatus" }, "geometry": { "type": "Point", "coordinates": [ 26.719408896813796, 58.373965736914251 ] } },
{ "type": "Feature", "properties": { "fid": 55394, "nimi": "Ihaste tee II", "alias": null, "ylemgrupp": "Transport", "grupp": "peatus", "alamgrupp": "bussipeatus", "tyypnimi": "bussipeatus", "aadress": "Tartu maakond, Tartu linn, Tartu linn, Ihaste tee T11", "adrid": 3022548, "adsoid": "CU03210873", "mk": "Tartu maakond", "ov": "Tartu linn", "ay": "Tartu linn", "www": null, "url": null, "email": null, "telefon": null, "allikas": "Transpordiamet.Ühistranspordi infosüsteem", "andmeseis": "09.05.2023", "poi_id": 85530, "id": "26080", "vid": "7820054-1", "tyyp": 101204, "x": 661487, "y": 6472160, "pikkus": 26.7596018, "laius": 58.3600697, "kiht": "hp_bussipeatus" }, "geometry": { "type": "Point", "coordinates": [ 26.759601825173171, 58.360069725904665 ] } },
{ "type": "Feature", "properties": { "fid": 55570, "nimi": "Mesika", "alias": null, "ylemgrupp": "Transport", "grupp": "peatus", "alamgrupp": "bussipeatus", "tyypnimi": "bussipeatus", "aadress": "Tartu maakond, Tartu linn, Tartu linn, Mesika tänav T11", "adrid": 3032896, "adsoid": "CU00493236", "mk": "Tartu maakond", "ov": "Tartu linn", "ay": "Tartu linn", "www": null, "url": null, "email": null, "telefon": null, "allikas": "Transpordiamet.Ühistranspordi infosüsteem", "andmeseis": "11.01.2021", "poi_id": 81772, "id": "116721", "vid": "7820147-1", "tyyp": 101204, "x": 658462, "y": 6470932, "pikkus": 26.7071204, "laius": 58.3501608, "kiht": "hp_bussipeatus" }, "geometry": { "type": "Point", "coordinates": [ 26.707120414776718, 58.350160849612266 ] } },
{ "type": "Feature", "properties": { "fid": 55574, "nimi": "Ihaste", "alias": null, "ylemgrupp": "Transport", "grupp": "peatus", "alamgrupp": "bussipeatus", "tyypnimi": "bussipeatus", "aadress": "Tartu maakond, Tartu linn, Tartu linn, Hipodroomi tänav T7", "adrid": 3028254, "adsoid": "CU01994200", "mk": "Tartu maakond", "ov": "Tartu linn", "ay": "Tartu linn", "www": null, "url": null, "email": null, "telefon": null, "allikas": "Transpordiamet.Ühistranspordi infosüsteem", "andmeseis": "03.01.2021", "poi_id": 89775, "id": "26077", "vid": "7820049-1", "tyyp": 101204, "x": 662726, "y": 6470518, "pikkus": 26.7795837, "laius": 58.3448756, "kiht": "hp_bussipeatus" }, "geometry": { "type": "Point", "coordinates": [ 26.779583733687662, 58.34487558600857 ] } },
{ "type": "Feature", "properties": { "fid": 55620, "nimi": "Lõunakeskus III", "alias": null, "ylemgrupp": "Transport", "grupp": "peatus", "alamgrupp": "bussipeatus", "tyypnimi": "bussipeatus", "aadress": "Tartu maakond, Tartu linn, Tartu linn, Optika tänav T11", "adrid": 3032240, "adsoid": "CU03232496", "mk": "Tartu maakond", "ov": "Tartu linn", "ay": "Tartu linn", "www": null, "url": null, "email": null, "telefon": null, "allikas": "Transpordiamet.Ühistranspordi infosüsteem", "andmeseis": "11.12.2022", "poi_id": 91757, "id": "125531", "vid": "7820139-3", "tyyp": 101204, "x": 656394, "y": 6471825, "pikkus": 26.6724386, "laius": 58.3589116, "kiht": "hp_bussipeatus" }, "geometry": { "type": "Point", "coordinates": [ 26.672438573078779, 58.358911597482965 ] } },
{ "type": "Feature", "properties": { "fid": 55723, "nimi": "Sõbra", "alias": null, "ylemgrupp": "Transport", "grupp": "peatus", "alamgrupp": "bussipeatus", "tyypnimi": "bussipeatus", "aadress": "Tartu maakond, Tartu linn, Tartu linn, Sõbra tänav T31", "adrid": 3034502, "adsoid": "CU01962205", "mk": "Tartu maakond", "ov": "Tartu linn", "ay": "Tartu linn", "www": null, "url": null, "email": null, "telefon": null, "allikas": "Transpordiamet.Ühistranspordi infosüsteem", "andmeseis": "05.11.2023", "poi_id": 87669, "id": "25941", "vid": "7820253-1", "tyyp": 101204, "x": 660029, "y": 6472594, "pikkus": 26.7350126, "laius": 58.3644963, "kiht": "hp_bussipeatus" }, "geometry": { "type": "Point", "coordinates": [ 26.73501259987232, 58.364496310226407 ] } },
{ "type": "Feature", "properties": { "fid": 57218, "nimi": "Mõisapargi", "alias": null, "ylemgrupp": "Transport", "grupp": "peatus", "alamgrupp": "bussipeatus", "tyypnimi": "bussipeatus", "aadress": "Tartu maakond, Tartu linn, Tartu linn, Vahi tänav T13", "adrid": 3038145, "adsoid": "CU02328894", "mk": "Tartu maakond", "ov": "Tartu linn", "ay": "Tartu linn", "www": null, "url": null, "email": null, "telefon": null, "allikas": "Transpordiamet.Ühistranspordi infosüsteem", "andmeseis": "11.01.2021", "poi_id": 157708, "id": "144383", "vid": "7820359-1", "tyyp": 101204, "x": 659534, "y": 6476520, "pikkus": 26.7292909, "laius": 58.3998978, "kiht": "hp_bussipeatus" }, "geometry": { "type": "Point", "coordinates": [ 26.729290895307411, 58.39989784119858 ] } },
{ "type": "Feature", "properties": { "fid": 57220, "nimi": "Kastani", "alias": null, "ylemgrupp": "Transport", "grupp": "peatus", "alamgrupp": "bussipeatus", "tyypnimi": "bussipeatus", "aadress": "Tartu maakond, Tartu linn, Tartu linn, Võru tänav T55", "adrid": 3032069, "adsoid": "CU01829351", "mk": "Tartu maakond", "ov": "Tartu linn", "ay": "Tartu linn", "www": null, "url": null, "email": null, "telefon": null, "allikas": "Transpordiamet.Ühistranspordi infosüsteem", "andmeseis": "05.11.2023", "poi_id": 86539, "id": "24729", "vid": "7820079-1", "tyyp": 101204, "x": 659218, "y": 6472594, "pikkus": 26.7211684, "laius": 58.3647939, "kiht": "hp_bussipeatus" }, "geometry": { "type": "Point", "coordinates": [ 26.721168441511349, 58.364793876832671 ] } },
{ "type": "Feature", "properties": { "fid": 57375, "nimi": "Herne", "alias": null, "ylemgrupp": "Transport", "grupp": "peatus", "alamgrupp": "bussipeatus", "tyypnimi": "bussipeatus", "aadress": "Tartu maakond, Tartu linn, Tartu linn, Herne tänav T1", "adrid": 3030687, "adsoid": "CU00606688", "mk": "Tartu maakond", "ov": "Tartu linn", "ay": "Tartu linn", "www": null, "url": null, "email": null, "telefon": null, "allikas": "Transpordiamet.Ühistranspordi infosüsteem", "andmeseis": "05.11.2023", "poi_id": 157734, "id": "144470", "vid": "7820347-1", "tyyp": 101204, "x": 658704, "y": 6474968, "pikkus": 26.7140248, "laius": 58.3862746, "kiht": "hp_bussipeatus" }, "geometry": { "type": "Point", "coordinates": [ 26.714024801535537, 58.386274588249229 ] } },
{ "type": "Feature", "properties": { "fid": 57376, "nimi": "Purde", "alias": null, "ylemgrupp": "Transport", "grupp": "peatus", "alamgrupp": "bussipeatus", "tyypnimi": "bussipeatus", "aadress": "Tartu maakond, Tartu linn, Tartu linn, Tähe tänav T85", "adrid": 3037975, "adsoid": "CU00609255", "mk": "Tartu maakond", "ov": "Tartu linn", "ay": "Tartu linn", "www": null, "url": null, "email": null, "telefon": null, "allikas": "Transpordiamet.Ühistranspordi infosüsteem", "andmeseis": "07.10.2021", "poi_id": 80041, "id": "26373", "vid": "7820190-1", "tyyp": 101204, "x": 659770, "y": 6472474, "pikkus": 26.7305105, "laius": 58.3635147, "kiht": "hp_bussipeatus" }, "geometry": { "type": "Point", "coordinates": [ 26.730510490288047, 58.363514712272341 ] } },
{ "type": "Feature", "properties": { "fid": 60266, "nimi": "Palmihoone", "alias": null, "ylemgrupp": "Transport", "grupp": "peatus", "alamgrupp": "bussipeatus", "tyypnimi": "bussipeatus", "aadress": "Tartu maakond, Tartu linn, Tartu linn, Lai tänav T7", "adrid": 3036340, "adsoid": "CU00490948", "mk": "Tartu maakond", "ov": "Tartu linn", "ay": "Tartu linn", "www": null, "url": null, "email": null, "telefon": null, "allikas": "Transpordiamet.Ühistranspordi infosüsteem", "andmeseis": "09.05.2023", "poi_id": 206763, "id": "149230", "vid": "7820176-2", "tyyp": 101999, "x": 659188, "y": 6474742, "pikkus": 26.7221444, "laius": 58.3840726, "kiht": "hp_maaratlemata_peatus" }, "geometry": { "type": "Point", "coordinates": [ 26.722144441553446, 58.384072617737139 ] } },
{ "type": "Feature", "properties": { "fid": 60406, "nimi": "Klaose", "alias": null, "ylemgrupp": "Transport", "grupp": "peatus", "alamgrupp": "bussipeatus", "tyypnimi": "bussipeatus", "aadress": "Tartu maakond, Tartu linn, Tartu linn, Kvissentali tee T15", "adrid": 3036303, "adsoid": "CU01953464", "mk": "Tartu maakond", "ov": "Tartu linn", "ay": "Tartu linn", "www": null, "url": null, "email": null, "telefon": null, "allikas": "Transpordiamet.Ühistranspordi infosüsteem", "andmeseis": "09.05.2023", "poi_id": 206817, "id": "149423", "vid": "7820374-1", "tyyp": 101204, "x": 658019, "y": 6477185, "pikkus": 26.7038607, "laius": 58.406409, "kiht": "hp_bussipeatus" }, "geometry": { "type": "Point", "coordinates": [ 26.70386069770942, 58.406408977033436 ] } },
{ "type": "Feature", "properties": { "fid": 60469, "nimi": "Ropka tee", "alias": null, "ylemgrupp": "Transport", "grupp": "peatus", "alamgrupp": "bussipeatus", "tyypnimi": "bussipeatus", "aadress": "Tartu maakond, Tartu linn, Tartu linn, Turu tänav T43", "adrid": 3037954, "adsoid": "CU01872997", "mk": "Tartu maakond", "ov": "Tartu linn", "ay": "Tartu linn", "www": null, "url": null, "email": null, "telefon": null, "allikas": "Transpordiamet.Ühistranspordi infosüsteem", "andmeseis": "09.05.2023", "poi_id": 206620, "id": "149437", "vid": "7820373-1", "tyyp": 101204, "x": 660405, "y": 6471537, "pikkus": 26.7406899, "laius": 58.3548759, "kiht": "hp_bussipeatus" }, "geometry": { "type": "Point", "coordinates": [ 26.740689895465636, 58.354875897091347 ] } },
{ "type": "Feature", "properties": { "fid": 61499, "nimi": "Kraavikalda", "alias": null, "ylemgrupp": "Transport", "grupp": "peatus", "alamgrupp": "bussipeatus", "tyypnimi": "bussipeatus", "aadress": "Tartu maakond, Tartu linn, Tartu linn, Hipodroomi tänav T5", "adrid": 3034569, "adsoid": "CU01994806", "mk": "Tartu maakond", "ov": "Tartu linn", "ay": "Tartu linn", "www": null, "url": null, "email": null, "telefon": null, "allikas": "Transpordiamet.Ühistranspordi infosüsteem", "andmeseis": "11.01.2021", "poi_id": 88283, "id": "24885", "vid": "7820104-1", "tyyp": 101204, "x": 662348, "y": 6470753, "pikkus": 26.7732927, "laius": 58.3471245, "kiht": "hp_bussipeatus" }, "geometry": { "type": "Point", "coordinates": [ 26.773292730487615, 58.347124491239761 ] } },
{ "type": "Feature", "properties": { "fid": 61580, "nimi": "Kopli", "alias": null, "ylemgrupp": "Transport", "grupp": "peatus", "alamgrupp": "bussipeatus", "tyypnimi": "bussipeatus", "aadress": "Tartu maakond, Tartu linn, Tartu linn, Kopli tänav T11", "adrid": 3030695, "adsoid": "CU00610478", "mk": "Tartu maakond", "ov": "Tartu linn", "ay": "Tartu linn", "www": null, "url": null, "email": null, "telefon": null, "allikas": "Transpordiamet.Ühistranspordi infosüsteem", "andmeseis": "05.11.2023", "poi_id": 81463, "id": "24882", "vid": "7820099-1", "tyyp": 101204, "x": 658644, "y": 6470769, "pikkus": 26.710106, "laius": 58.348631, "kiht": "hp_bussipeatus" }, "geometry": { "type": "Point", "coordinates": [ 26.710105992896729, 58.348630959770567 ] } },
{ "type": "Feature", "properties": { "fid": 61724, "nimi": "Kloostri", "alias": null, "ylemgrupp": "Transport", "grupp": "peatus", "alamgrupp": "bussipeatus", "tyypnimi": "bussipeatus", "aadress": "Tartu maakond, Tartu linn, Tartu linn, Kroonuaia tänav T1", "adrid": 3030705, "adsoid": "CU02009643", "mk": "Tartu maakond", "ov": "Tartu linn", "ay": "Tartu linn", "www": null, "url": null, "email": null, "telefon": null, "allikas": "Transpordiamet.Ühistranspordi infosüsteem", "andmeseis": "03.01.2021", "poi_id": 88399, "id": "24881", "vid": "7820096-1", "tyyp": 101204, "x": 658858, "y": 6474729, "pikkus": 26.7164924, "laius": 58.3840782, "kiht": "hp_bussipeatus" }, "geometry": { "type": "Point", "coordinates": [ 26.716492406575604, 58.384078184912994 ] } },
{ "type": "Feature", "properties": { "fid": 61787, "nimi": "Hurda", "alias": null, "ylemgrupp": "Transport", "grupp": "peatus", "alamgrupp": "bussipeatus", "tyypnimi": "bussipeatus", "aadress": "Tartu maakond, Tartu linn, Tartu linn, Laulupeo puiestee T1", "adrid": 3036338, "adsoid": "CU00486887", "mk": "Tartu maakond", "ov": "Tartu linn", "ay": "Tartu linn", "www": null, "url": null, "email": null, "telefon": null, "allikas": "Transpordiamet.Ühistranspordi infosüsteem", "andmeseis": "30.05.2021", "poi_id": 85614, "id": "26074", "vid": "7820046-1", "tyyp": 101204, "x": 658397, "y": 6474673, "pikkus": 26.7085838, "laius": 58.3837366, "kiht": "hp_bussipeatus" }, "geometry": { "type": "Point", "coordinates": [ 26.708583812605397, 58.383736570115374 ] } },
{ "type": "Feature", "properties": { "fid": 61992, "nimi": "Pikk", "alias": null, "ylemgrupp": "Transport", "grupp": "peatus", "alamgrupp": "bussipeatus", "tyypnimi": "bussipeatus", "aadress": "Tartu maakond, Tartu linn, Tartu linn, Pikk tänav T21", "adrid": 3401973, "adsoid": "CU03662084", "mk": "Tartu maakond", "ov": "Tartu linn", "ay": "Tartu linn", "www": null, "url": null, "email": null, "telefon": null, "allikas": "Transpordiamet.Ühistranspordi infosüsteem", "andmeseis": "05.11.2023", "poi_id": 86767, "id": "26244", "vid": "7820187-1", "tyyp": 101204, "x": 660066, "y": 6474451, "pikkus": 26.7369457, "laius": 58.3811379, "kiht": "hp_bussipeatus" }, "geometry": { "type": "Point", "coordinates": [ 26.736945731584047, 58.381137896207832 ] } },
{ "type": "Feature", "properties": { "fid": 62037, "nimi": "Arhitekti", "alias": null, "ylemgrupp": "Transport", "grupp": "peatus", "alamgrupp": "bussipeatus", "tyypnimi": "bussipeatus", "aadress": "Tartu maakond, Tartu linn, Tartu linn, Viljandi maantee T63", "adrid": 3028288, "adsoid": "CU01979067", "mk": "Tartu maakond", "ov": "Tartu linn", "ay": "Tartu linn", "www": null, "url": null, "email": null, "telefon": null, "allikas": "Transpordiamet.Ühistranspordi infosüsteem", "andmeseis": "11.01.2021", "poi_id": 88737, "id": "24707", "vid": "7820018-1", "tyyp": 101204, "x": 656957, "y": 6472880, "pikkus": 26.6827665, "laius": 58.368179, "kiht": "hp_bussipeatus" }, "geometry": { "type": "Point", "coordinates": [ 26.682766469541153, 58.36817902910127 ] } },
{ "type": "Feature", "properties": { "fid": 62099, "nimi": "Raudteejaam", "alias": null, "ylemgrupp": "Transport", "grupp": "peatus", "alamgrupp": "bussipeatus", "tyypnimi": "bussipeatus", "aadress": "Tartu maakond, Tartu linn, Tartu linn, Vaksali tänav T19", "adrid": 3037246, "adsoid": "CU03613973", "mk": "Tartu maakond", "ov": "Tartu linn", "ay": "Tartu linn", "www": null, "url": null, "email": null, "telefon": null, "allikas": "Transpordiamet.Ühistranspordi infosüsteem", "andmeseis": "16.05.2021", "poi_id": 82340, "id": "26388", "vid": "7820207-1", "tyyp": 101204, "x": 658361, "y": 6473557, "pikkus": 26.707197, "laius": 58.3737415, "kiht": "hp_bussipeatus" }, "geometry": { "type": "Point", "coordinates": [ 26.707196987816715, 58.373741503607235 ] } },
{ "type": "Feature", "properties": { "fid": 62100, "nimi": "Vallikraavi", "alias": null, "ylemgrupp": "Transport", "grupp": "peatus", "alamgrupp": "bussipeatus", "tyypnimi": "bussipeatus", "aadress": "Tartu maakond, Tartu linn, Tartu linn, Julius Kuperjanovi tänav T1", "adrid": 3024519, "adsoid": "CU01979004", "mk": "Tartu maakond", "ov": "Tartu linn", "ay": "Tartu linn", "www": null, "url": null, "email": null, "telefon": null, "allikas": "Transpordiamet.Ühistranspordi infosüsteem", "andmeseis": "27.12.2020", "poi_id": 82350, "id": "25810", "vid": "7820240-1", "tyyp": 101204, "x": 658799, "y": 6473892, "pikkus": 26.7149196, "laius": 58.3765878, "kiht": "hp_bussipeatus" }, "geometry": { "type": "Point", "coordinates": [ 26.714919577684064, 58.376587766337487 ] } },
{ "type": "Feature", "properties": { "fid": 62114, "nimi": "Kalda tee", "alias": null, "ylemgrupp": "Transport", "grupp": "peatus", "alamgrupp": "bussipeatus", "tyypnimi": "bussipeatus", "aadress": "Tartu maakond, Tartu linn, Tartu linn, Kalda tee T3", "adrid": 3030531, "adsoid": "CU03629921", "mk": "Tartu maakond", "ov": "Tartu linn", "ay": "Tartu linn", "www": null, "url": null, "email": null, "telefon": null, "allikas": "Transpordiamet.Ühistranspordi infosüsteem", "andmeseis": "05.11.2023", "poi_id": 82971, "id": "26090", "vid": "7820064-1", "tyyp": 101204, "x": 661308, "y": 6473541, "pikkus": 26.7575157, "laius": 58.3725221, "kiht": "hp_bussipeatus" }, "geometry": { "type": "Point", "coordinates": [ 26.75751566154862, 58.372522104181925 ] } },
{ "type": "Feature", "properties": { "fid": 62271, "nimi": "Liiva", "alias": null, "ylemgrupp": "Transport", "grupp": "peatus", "alamgrupp": "bussipeatus", "tyypnimi": "bussipeatus", "aadress": "Tartu maakond, Tartu linn, Tartu linn, Puiestee tn 62", "adrid": 3122382, "adsoid": "CU00495266", "mk": "Tartu maakond", "ov": "Tartu linn", "ay": "Tartu linn", "www": null, "url": null, "email": null, "telefon": null, "allikas": "Transpordiamet.Ühistranspordi infosüsteem", "andmeseis": "24.10.2021", "poi_id": 91228, "id": "122522", "vid": "7820128-1", "tyyp": 101204, "x": 659331, "y": 6475515, "pikkus": 26.7251159, "laius": 58.3909508, "kiht": "hp_bussipeatus" }, "geometry": { "type": "Point", "coordinates": [ 26.725115931859552, 58.390950766574882 ] } },
{ "type": "Feature", "properties": { "fid": 62310, "nimi": "Killustiku", "alias": null, "ylemgrupp": "Transport", "grupp": "peatus", "alamgrupp": "bussipeatus", "tyypnimi": "bussipeatus", "aadress": "Tartu maakond, Tartu linn, Tartu linn, Vahi tänav T9", "adrid": 3022313, "adsoid": "CU02326877", "mk": "Tartu maakond", "ov": "Tartu linn", "ay": "Tartu linn", "www": null, "url": null, "email": null, "telefon": null, "allikas": "Transpordiamet.Ühistranspordi infosüsteem", "andmeseis": "11.01.2021", "poi_id": 157709, "id": "144384", "vid": "7820349-1", "tyyp": 101204, "x": 659837, "y": 6476246, "pikkus": 26.7342705, "laius": 58.397325, "kiht": "hp_bussipeatus" }, "geometry": { "type": "Point", "coordinates": [ 26.734270529474848, 58.39732496927423 ] } },
{ "type": "Feature", "properties": { "fid": 62313, "nimi": "Linnupargi", "alias": null, "ylemgrupp": "Transport", "grupp": "peatus", "alamgrupp": "bussipeatus", "tyypnimi": "bussipeatus", "aadress": "Tartu maakond, Tartu linn, Tartu linn, Ihaste põik T1", "adrid": 3034679, "adsoid": "CU01789695", "mk": "Tartu maakond", "ov": "Tartu linn", "ay": "Tartu linn", "www": null, "url": null, "email": null, "telefon": null, "allikas": "Transpordiamet.Ühistranspordi infosüsteem", "andmeseis": "11.01.2021", "poi_id": 157725, "id": "144442", "vid": "7820356-1", "tyyp": 101204, "x": 661556, "y": 6472899, "pikkus": 26.7612989, "laius": 58.3666717, "kiht": "hp_bussipeatus" }, "geometry": { "type": "Point", "coordinates": [ 26.76129885356033, 58.36667170811652 ] } },
{ "type": "Feature", "properties": { "fid": 62421, "nimi": "Kraavikalda", "alias": null, "ylemgrupp": "Transport", "grupp": "peatus", "alamgrupp": "bussipeatus", "tyypnimi": "bussipeatus", "aadress": "Tartu maakond, Tartu linn, Tartu linn, Hipodroomi tänav T5", "adrid": 3034569, "adsoid": "CU01994806", "mk": "Tartu maakond", "ov": "Tartu linn", "ay": "Tartu linn", "www": null, "url": null, "email": null, "telefon": null, "allikas": "Transpordiamet.Ühistranspordi infosüsteem", "andmeseis": "03.01.2021", "poi_id": 86415, "id": "24884", "vid": "7820103-1", "tyyp": 101204, "x": 662387, "y": 6470703, "pikkus": 26.7739353, "laius": 58.3466671, "kiht": "hp_bussipeatus" }, "geometry": { "type": "Point", "coordinates": [ 26.773935293257423, 58.34666713926088 ] } },
{ "type": "Feature", "properties": { "fid": 62486, "nimi": "Lootuse", "alias": null, "ylemgrupp": "Transport", "grupp": "peatus", "alamgrupp": "bussipeatus", "tyypnimi": "bussipeatus", "aadress": "Tartu maakond, Tartu linn, Tartu linn, Võru tänav T5", "adrid": 3034466, "adsoid": "CU01829353", "mk": "Tartu maakond", "ov": "Tartu linn", "ay": "Tartu linn", "www": null, "url": null, "email": null, "telefon": null, "allikas": "Transpordiamet.Ühistranspordi infosüsteem", "andmeseis": "27.12.2020", "poi_id": 91345, "id": "25598", "vid": "7820134-1", "tyyp": 101204, "x": 659218, "y": 6473110, "pikkus": 26.7215236, "laius": 58.3694228, "kiht": "hp_bussipeatus" }, "geometry": { "type": "Point", "coordinates": [ 26.721523647829379, 58.36942280341011 ] } },
{ "type": "Feature", "properties": { "fid": 62492, "nimi": "Roosi", "alias": null, "ylemgrupp": "Transport", "grupp": "peatus", "alamgrupp": "bussipeatus", "tyypnimi": "bussipeatus", "aadress": "Tartu maakond, Tartu linn, Tartu linn, Roosi tänav T71", "adrid": 3024585, "adsoid": "CU02149256", "mk": "Tartu maakond", "ov": "Tartu linn", "ay": "Tartu linn", "www": null, "url": null, "email": null, "telefon": null, "allikas": "Transpordiamet.Ühistranspordi infosüsteem", "andmeseis": "05.11.2023", "poi_id": 122508, "id": "136288", "vid": "7820335-1", "tyyp": 101204, "x": 660115, "y": 6475356, "pikkus": 26.7384028, "laius": 58.3892422, "kiht": "hp_bussipeatus" }, "geometry": { "type": "Point", "coordinates": [ 26.738402839757629, 58.389242208002308 ] } },
{ "type": "Feature", "properties": { "fid": 62536, "nimi": "Teguri", "alias": null, "ylemgrupp": "Transport", "grupp": "peatus", "alamgrupp": "bussipeatus", "tyypnimi": "bussipeatus", "aadress": "Tartu maakond, Tartu linn, Tartu linn, Võru tänav T55", "adrid": 3032069, "adsoid": "CU01829351", "mk": "Tartu maakond", "ov": "Tartu linn", "ay": "Tartu linn", "www": null, "url": null, "email": null, "telefon": null, "allikas": "Transpordiamet.Ühistranspordi infosüsteem", "andmeseis": "27.12.2020", "poi_id": 158227, "id": "145459", "vid": "7820365-1", "tyyp": 101204, "x": 659236, "y": 6472264, "pikkus": 26.7212518, "laius": 58.3618259, "kiht": "hp_bussipeatus" }, "geometry": { "type": "Point", "coordinates": [ 26.721251767524819, 58.361825880116882 ] } },
{ "type": "Feature", "properties": { "fid": 62643, "nimi": "Kesklinn III", "alias": null, "ylemgrupp": "Transport", "grupp": "peatus", "alamgrupp": "bussipeatus", "tyypnimi": "bussipeatus", "aadress": "Tartu maakond, Tartu linn, Tartu linn, Riia tänav T1", "adrid": 3034542, "adsoid": "CU01955374", "mk": "Tartu maakond", "ov": "Tartu linn", "ay": "Tartu linn", "www": null, "url": null, "email": null, "telefon": null, "allikas": "Transpordiamet.Ühistranspordi infosüsteem", "andmeseis": "11.01.2021", "poi_id": 90953, "id": "24878", "vid": "7820089-1", "tyyp": 101204, "x": 659591, "y": 6474026, "pikkus": 26.7285387, "laius": 58.3775026, "kiht": "hp_bussipeatus" }, "geometry": { "type": "Point", "coordinates": [ 26.728538661783855, 58.377502589903621 ] } },
{ "type": "Feature", "properties": { "fid": 62783, "nimi": "Orava", "alias": null, "ylemgrupp": "Transport", "grupp": "peatus", "alamgrupp": "bussipeatus", "tyypnimi": "bussipeatus", "aadress": "Tartu maakond, Tartu linn, Tartu linn, Narva maantee T157", "adrid": 3022001, "adsoid": "CU00615766", "mk": "Tartu maakond", "ov": "Tartu linn", "ay": "Tartu linn", "www": null, "url": null, "email": null, "telefon": null, "allikas": "Transpordiamet.Ühistranspordi infosüsteem", "andmeseis": "11.01.2021", "poi_id": 92223, "id": "26232", "vid": "7820173-1", "tyyp": 101204, "x": 659636, "y": 6475589, "pikkus": 26.7303939, "laius": 58.391503, "kiht": "hp_bussipeatus" }, "geometry": { "type": "Point", "coordinates": [ 26.730393947418964, 58.391502954475193 ] } },
{ "type": "Feature", "properties": { "fid": 62793, "nimi": "Hotell Sophia", "alias": null, "ylemgrupp": "Transport", "grupp": "peatus", "alamgrupp": "bussipeatus", "tyypnimi": "bussipeatus", "aadress": "Tartu maakond, Tartu linn, Tartu linn, Lääneringtee 39", "adrid": 3657058, "adsoid": "CU03487743", "mk": "Tartu maakond", "ov": "Tartu linn", "ay": "Tartu linn", "www": null, "url": null, "email": null, "telefon": null, "allikas": "Transpordiamet.Ühistranspordi infosüsteem", "andmeseis": "05.11.2023", "poi_id": 127324, "id": "138205", "vid": "7820340-1", "tyyp": 101204, "x": 656771, "y": 6471602, "pikkus": 26.6787166, "laius": 58.3567784, "kiht": "hp_bussipeatus" }, "geometry": { "type": "Point", "coordinates": [ 26.678716604233941, 58.356778374128332 ] } },
{ "type": "Feature", "properties": { "fid": 62889, "nimi": "Kabeli", "alias": null, "ylemgrupp": "Transport", "grupp": "peatus", "alamgrupp": "bussipeatus", "tyypnimi": "bussipeatus", "aadress": "Tartu maakond, Tartu linn, Tartu linn, Ropka tn 2a // Võru tänav T71", "adrid": 3032071, "adsoid": "CU01829772", "mk": "Tartu maakond", "ov": "Tartu linn", "ay": "Tartu linn", "www": null, "url": null, "email": null, "telefon": null, "allikas": "Transpordiamet.Ühistranspordi infosüsteem", "andmeseis": "03.01.2021", "poi_id": 83223, "id": "26091", "vid": "7820065-1", "tyyp": 101204, "x": 659255, "y": 6471969, "pikkus": 26.7213677, "laius": 58.3591712, "kiht": "hp_bussipeatus" }, "geometry": { "type": "Point", "coordinates": [ 26.721367652856898, 58.35917115253293 ] } },
{ "type": "Feature", "properties": { "fid": 62894, "nimi": "Kesklinn IV", "alias": null, "ylemgrupp": "Transport", "grupp": "peatus", "alamgrupp": "bussipeatus", "tyypnimi": "bussipeatus", "aadress": "Tartu maakond, Tartu linn, Tartu linn, Riia tänav T1", "adrid": 3034542, "adsoid": "CU01955374", "mk": "Tartu maakond", "ov": "Tartu linn", "ay": "Tartu linn", "www": null, "url": null, "email": null, "telefon": null, "allikas": "Transpordiamet.Ühistranspordi infosüsteem", "andmeseis": "20.12.2020", "poi_id": 81684, "id": "128917", "vid": "7820085-2", "tyyp": 101204, "x": 659554, "y": 6474034, "pikkus": 26.727909, "laius": 58.3775886, "kiht": "hp_bussipeatus" }, "geometry": { "type": "Point", "coordinates": [ 26.727908963752451, 58.377588566691536 ] } },
{ "type": "Feature", "properties": { "fid": 62964, "nimi": "Raeplats", "alias": null, "ylemgrupp": "Transport", "grupp": "peatus", "alamgrupp": "bussipeatus", "tyypnimi": "bussipeatus", "aadress": "Tartu maakond, Tartu linn, Tartu linn, Vabaduse puiestee T1", "adrid": 3032811, "adsoid": "CU00608393", "mk": "Tartu maakond", "ov": "Tartu linn", "ay": "Tartu linn", "www": null, "url": null, "email": null, "telefon": null, "allikas": "Transpordiamet.Ühistranspordi infosüsteem", "andmeseis": "11.01.2021", "poi_id": 82688, "id": "26378", "vid": "7820197-1", "tyyp": 101204, "x": 659419, "y": 6474269, "pikkus": 26.7257698, "laius": 58.3797478, "kiht": "hp_bussipeatus" }, "geometry": { "type": "Point", "coordinates": [ 26.725769807299987, 58.379747830344613 ] } },
{ "type": "Feature", "properties": { "fid": 62987, "nimi": "Kreutzwaldi", "alias": null, "ylemgrupp": "Transport", "grupp": "peatus", "alamgrupp": "bussipeatus", "tyypnimi": "bussipeatus", "aadress": "Tartu maakond, Tartu linn, Tartu linn, Friedrich Reinhold Kreutzwaldi tänav T1", "adrid": 3032824, "adsoid": "CU01751433", "mk": "Tartu maakond", "ov": "Tartu linn", "ay": "Tartu linn", "www": null, "url": null, "email": null, "telefon": null, "allikas": "Transpordiamet.Ühistranspordi infosüsteem", "andmeseis": "05.11.2023", "poi_id": 86720, "id": "24886", "vid": "7820105-1", "tyyp": 101204, "x": 657919, "y": 6474868, "pikkus": 26.7005575, "laius": 58.3856588, "kiht": "hp_bussipeatus" }, "geometry": { "type": "Point", "coordinates": [ 26.70055750849578, 58.385658838518296 ] } },
{ "type": "Feature", "properties": { "fid": 63208, "nimi": "Nooruse", "alias": null, "ylemgrupp": "Transport", "grupp": "peatus", "alamgrupp": "bussipeatus", "tyypnimi": "bussipeatus", "aadress": "Tartu maakond, Tartu linn, Tartu linn, Ravila tänav T17", "adrid": 3035767, "adsoid": "CU00488052", "mk": "Tartu maakond", "ov": "Tartu linn", "ay": "Tartu linn", "www": null, "url": null, "email": null, "telefon": null, "allikas": "Transpordiamet.Ühistranspordi infosüsteem", "andmeseis": "20.12.2020", "poi_id": 91696, "id": "26673", "vid": "7820163-1", "tyyp": 101204, "x": 657696, "y": 6472715, "pikkus": 26.6952715, "laius": 58.3664319, "kiht": "hp_bussipeatus" }, "geometry": { "type": "Point", "coordinates": [ 26.695271456091174, 58.366431860604628 ] } },
{ "type": "Feature", "properties": { "fid": 63967, "nimi": "Tähe", "alias": null, "ylemgrupp": "Transport", "grupp": "peatus", "alamgrupp": "bussipeatus", "tyypnimi": "bussipeatus", "aadress": "Tartu maakond, Tartu linn, Tartu linn, Ringtee tänav T27", "adrid": 3034510, "adsoid": "CU01851944", "mk": "Tartu maakond", "ov": "Tartu linn", "ay": "Tartu linn", "www": null, "url": null, "email": null, "telefon": null, "allikas": "Transpordiamet.Ühistranspordi infosüsteem", "andmeseis": "09.05.2023", "poi_id": 92026, "id": "128374", "vid": "7820323-1", "tyyp": 101204, "x": 659806, "y": 6470196, "pikkus": 26.7295318, "laius": 58.3430672, "kiht": "hp_bussipeatus" }, "geometry": { "type": "Point", "coordinates": [ 26.729531752413763, 58.343067189571833 ] } },
{ "type": "Feature", "properties": { "fid": 64097, "nimi": "Ihaste", "alias": null, "ylemgrupp": "Transport", "grupp": "peatus", "alamgrupp": "bussipeatus", "tyypnimi": "bussipeatus", "aadress": "Tartu maakond, Tartu linn, Tartu linn, Hipodroomi tänav T7", "adrid": 3028254, "adsoid": "CU01994200", "mk": "Tartu maakond", "ov": "Tartu linn", "ay": "Tartu linn", "www": null, "url": null, "email": null, "telefon": null, "allikas": "Transpordiamet.Ühistranspordi infosüsteem", "andmeseis": "11.01.2021", "poi_id": 89279, "id": "26076", "vid": "7820048-1", "tyyp": 101204, "x": 662713, "y": 6470524, "pikkus": 26.7793706, "laius": 58.3449341, "kiht": "hp_bussipeatus" }, "geometry": { "type": "Point", "coordinates": [ 26.779370603707264, 58.344934059104745 ] } },
{ "type": "Feature", "properties": { "fid": 64132, "nimi": "Anne", "alias": null, "ylemgrupp": "Transport", "grupp": "peatus", "alamgrupp": "bussipeatus", "tyypnimi": "bussipeatus", "aadress": "Tartu maakond, Tartu linn, Tartu linn, Sõpruse puiestee T1", "adrid": 3037984, "adsoid": "CU02009565", "mk": "Tartu maakond", "ov": "Tartu linn", "ay": "Tartu linn", "www": null, "url": null, "email": null, "telefon": null, "allikas": "Transpordiamet.Ühistranspordi infosüsteem", "andmeseis": "09.05.2023", "poi_id": 91884, "id": "26852", "vid": "7820010-1", "tyyp": 101204, "x": 660947, "y": 6474145, "pikkus": 26.7517681, "laius": 58.3780764, "kiht": "hp_bussipeatus" }, "geometry": { "type": "Point", "coordinates": [ 26.751768141802856, 58.378076404689601 ] } },
{ "type": "Feature", "properties": { "fid": 64328, "nimi": "Maarjamõisa", "alias": null, "ylemgrupp": "Transport", "grupp": "peatus", "alamgrupp": "bussipeatus", "tyypnimi": "bussipeatus", "aadress": "Tartu maakond, Tartu linn, Tartu linn, Ludvig Puusepa tänav T5", "adrid": 3032827, "adsoid": "CU00488156", "mk": "Tartu maakond", "ov": "Tartu linn", "ay": "Tartu linn", "www": null, "url": null, "email": null, "telefon": null, "allikas": "Transpordiamet.Ühistranspordi infosüsteem", "andmeseis": "09.05.2023", "poi_id": 89679, "id": "26227", "vid": "7820140-1", "tyyp": 101204, "x": 658060, "y": 6473083, "pikkus": 26.7017284, "laius": 58.3696016, "kiht": "hp_bussipeatus" }, "geometry": { "type": "Point", "coordinates": [ 26.701728444265154, 58.369601585185364 ] } },
{ "type": "Feature", "properties": { "fid": 64777, "nimi": "Alasi", "alias": null, "ylemgrupp": "Transport", "grupp": "peatus", "alamgrupp": "bussipeatus", "tyypnimi": "bussipeatus", "aadress": "Tartu maakond, Tartu linn, Tartu linn, Alasi tänav T1", "adrid": 3032129, "adsoid": "CU00494126", "mk": "Tartu maakond", "ov": "Tartu linn", "ay": "Tartu linn", "www": null, "url": null, "email": null, "telefon": null, "allikas": "Transpordiamet.Ühistranspordi infosüsteem", "andmeseis": "03.01.2021", "poi_id": 83953, "id": "26851", "vid": "7820009-1", "tyyp": 101204, "x": 659052, "y": 6470712, "pikkus": 26.7170393, "laius": 58.3479703, "kiht": "hp_bussipeatus" }, "geometry": { "type": "Point", "coordinates": [ 26.717039296833935, 58.347970333089492 ] } },
{ "type": "Feature", "properties": { "fid": 64991, "nimi": "Roopa", "alias": null, "ylemgrupp": "Transport", "grupp": "peatus", "alamgrupp": "bussipeatus", "tyypnimi": "bussipeatus", "aadress": "Tartu maakond, Tartu linn, Tartu linn, Roopa tänav T39", "adrid": 3036266, "adsoid": "CU01835252", "mk": "Tartu maakond", "ov": "Tartu linn", "ay": "Tartu linn", "www": null, "url": null, "email": null, "telefon": null, "allikas": "Transpordiamet.Ühistranspordi infosüsteem", "andmeseis": "11.01.2021", "poi_id": 80490, "id": "26508", "vid": "7820226-1", "tyyp": 101204, "x": 657914, "y": 6470746, "pikkus": 26.6976318, "laius": 58.348684, "kiht": "hp_bussipeatus" }, "geometry": { "type": "Point", "coordinates": [ 26.697631764852048, 58.348684019572381 ] } },
{ "type": "Feature", "properties": { "fid": 65021, "nimi": "Risti", "alias": null, "ylemgrupp": "Transport", "grupp": "peatus", "alamgrupp": "bussipeatus", "tyypnimi": "bussipeatus", "aadress": "Tartu maakond, Tartu linn, Tartu linn, Puiestee tänav T13", "adrid": 3037988, "adsoid": "CU00496072", "mk": "Tartu maakond", "ov": "Tartu linn", "ay": "Tartu linn", "www": null, "url": null, "email": null, "telefon": null, "allikas": "Transpordiamet.Ühistranspordi infosüsteem", "andmeseis": "09.05.2023", "poi_id": 84429, "id": "26401", "vid": "7820223-1", "tyyp": 101204, "x": 659150, "y": 6475610, "pikkus": 26.7220961, "laius": 58.3918772, "kiht": "hp_bussipeatus" }, "geometry": { "type": "Point", "coordinates": [ 26.722096127818613, 58.391877195078251 ] } },
{ "type": "Feature", "properties": { "fid": 65041, "nimi": "Vabaduse puiestee", "alias": null, "ylemgrupp": "Transport", "grupp": "peatus", "alamgrupp": "bussipeatus", "tyypnimi": "bussipeatus", "aadress": "Tartu maakond, Tartu linn, Tartu linn, Vabaduse puiestee T1", "adrid": 3032811, "adsoid": "CU00608393", "mk": "Tartu maakond", "ov": "Tartu linn", "ay": "Tartu linn", "www": null, "url": null, "email": null, "telefon": null, "allikas": "Transpordiamet.Ühistranspordi infosüsteem", "andmeseis": "09.05.2023", "poi_id": 80083, "id": "26125", "vid": "7820293-1", "tyyp": 101204, "x": 659510, "y": 6474200, "pikkus": 26.727272, "laius": 58.3790936, "kiht": "hp_bussipeatus" }, "geometry": { "type": "Point", "coordinates": [ 26.727271979529341, 58.379093560834647 ] } },
{ "type": "Feature", "properties": { "fid": 65067, "nimi": "Jannseni", "alias": null, "ylemgrupp": "Transport", "grupp": "peatus", "alamgrupp": "bussipeatus", "tyypnimi": "bussipeatus", "aadress": "Tartu maakond, Tartu linn, Tartu linn, Vaksali tänav T43", "adrid": 3027395, "adsoid": "CU01907341", "mk": "Tartu maakond", "ov": "Tartu linn", "ay": "Tartu linn", "www": null, "url": null, "email": null, "telefon": null, "allikas": "Transpordiamet.Ühistranspordi infosüsteem", "andmeseis": "12.09.2021", "poi_id": 93185, "id": "26073", "vid": "7820045-1", "tyyp": 101204, "x": 657552, "y": 6474439, "pikkus": 26.693982, "laius": 58.3819429, "kiht": "hp_bussipeatus" }, "geometry": { "type": "Point", "coordinates": [ 26.693981989903001, 58.381942925275915 ] } },
{ "type": "Feature", "properties": { "fid": 65129, "nimi": "Tamme kool", "alias": null, "ylemgrupp": "Transport", "grupp": "peatus", "alamgrupp": "bussipeatus", "tyypnimi": "bussipeatus", "aadress": "Tartu maakond, Tartu linn, Tartu linn, Kesk kaar T23", "adrid": 3022199, "adsoid": "CU00488951", "mk": "Tartu maakond", "ov": "Tartu linn", "ay": "Tartu linn", "www": null, "url": null, "email": null, "telefon": null, "allikas": "Transpordiamet.Ühistranspordi infosüsteem", "andmeseis": "09.05.2023", "poi_id": 83269, "id": "25972", "vid": "7820262-1", "tyyp": 101204, "x": 658368, "y": 6472474, "pikkus": 26.706582, "laius": 58.3640271, "kiht": "hp_bussipeatus" }, "geometry": { "type": "Point", "coordinates": [ 26.706581986599204, 58.364027128283404 ] } },
{ "type": "Feature", "properties": { "fid": 65373, "nimi": "Zoomeedikum", "alias": null, "ylemgrupp": "Transport", "grupp": "peatus", "alamgrupp": "bussipeatus", "tyypnimi": "bussipeatus", "aadress": "Tartu maakond, Tartu linn, Tartu linn, Friedrich Reinhold Kreutzwaldi tänav T62", "adrid": 3031863, "adsoid": "CU03541185", "mk": "Tartu maakond", "ov": "Tartu linn", "ay": "Tartu linn", "www": null, "url": null, "email": null, "telefon": null, "allikas": "Transpordiamet.Ühistranspordi infosüsteem", "andmeseis": "09.05.2023", "poi_id": 84664, "id": "125609", "vid": "7820258-2", "tyyp": 101204, "x": 657117, "y": 6475682, "pikkus": 26.687403, "laius": 58.3932507, "kiht": "hp_bussipeatus" }, "geometry": { "type": "Point", "coordinates": [ 26.687402962785075, 58.39325073899289 ] } },
{ "type": "Feature", "properties": { "fid": 65394, "nimi": "Viljandi maantee", "alias": null, "ylemgrupp": "Transport", "grupp": "peatus", "alamgrupp": "bussipeatus", "tyypnimi": "bussipeatus", "aadress": "Tartu maakond, Tartu linn, Tartu linn, Ravila tänav T17", "adrid": 3035767, "adsoid": "CU00488052", "mk": "Tartu maakond", "ov": "Tartu linn", "ay": "Tartu linn", "www": null, "url": null, "email": null, "telefon": null, "allikas": "Transpordiamet.Ühistranspordi infosüsteem", "andmeseis": "09.05.2023", "poi_id": 83609, "id": "26263", "vid": "7820305-1", "tyyp": 101204, "x": 657412, "y": 6473088, "pikkus": 26.6906776, "laius": 58.3698744, "kiht": "hp_bussipeatus" }, "geometry": { "type": "Point", "coordinates": [ 26.690677643759383, 58.369874450312366 ] } },
{ "type": "Feature", "properties": { "fid": 65486, "nimi": "Raatuse", "alias": null, "ylemgrupp": "Transport", "grupp": "peatus", "alamgrupp": "bussipeatus", "tyypnimi": "bussipeatus", "aadress": "Tartu maakond, Tartu linn, Tartu linn, Raatuse tänav T1", "adrid": 3029941, "adsoid": "CU00496737", "mk": "Tartu maakond", "ov": "Tartu linn", "ay": "Tartu linn", "www": null, "url": null, "email": null, "telefon": null, "allikas": "Transpordiamet.Ühistranspordi infosüsteem", "andmeseis": "06.03.2022", "poi_id": 93778, "id": "26376", "vid": "7820195-1", "tyyp": 101204, "x": 659789, "y": 6474573, "pikkus": 26.7322933, "laius": 58.3823387, "kiht": "hp_bussipeatus" }, "geometry": { "type": "Point", "coordinates": [ 26.732293256895115, 58.38233870313173 ] } },
{ "type": "Feature", "properties": { "fid": 65524, "nimi": "Roheline park", "alias": null, "ylemgrupp": "Transport", "grupp": "peatus", "alamgrupp": "bussipeatus", "tyypnimi": "bussipeatus", "aadress": "Tartu maakond, Tartu linn, Tartu linn, Roheline tänav", "adrid": 3031858, "adsoid": "CU03531880", "mk": "Tartu maakond", "ov": "Tartu linn", "ay": "Tartu linn", "www": null, "url": null, "email": null, "telefon": null, "allikas": "Transpordiamet.Ühistranspordi infosüsteem", "andmeseis": "03.01.2021", "poi_id": 128951, "id": "140382", "vid": "7820341-2", "tyyp": 101204, "x": 656969, "y": 6476061, "pikkus": 26.6851501, "laius": 58.3967052, "kiht": "hp_bussipeatus" }, "geometry": { "type": "Point", "coordinates": [ 26.685150089096751, 58.396705208090111 ] } },
{ "type": "Feature", "properties": { "fid": 65644, "nimi": "Jalaka", "alias": null, "ylemgrupp": "Transport", "grupp": "peatus", "alamgrupp": "bussipeatus", "tyypnimi": "bussipeatus", "aadress": "Tartu maakond, Tartu linn, Tartu linn, Ringtee tänav T21", "adrid": 3027374, "adsoid": "CU01851946", "mk": "Tartu maakond", "ov": "Tartu linn", "ay": "Tartu linn", "www": null, "url": null, "email": null, "telefon": null, "allikas": "Transpordiamet.Ühistranspordi infosüsteem", "andmeseis": "09.05.2023", "poi_id": 88305, "id": "128373", "vid": "7820315-1", "tyyp": 101204, "x": 659472, "y": 6470158, "pikkus": 26.7238157, "laius": 58.342843, "kiht": "hp_bussipeatus" }, "geometry": { "type": "Point", "coordinates": [ 26.723815706074852, 58.342843026490868 ] } },
{ "type": "Feature", "properties": { "fid": 65646, "nimi": "Sõpruse puiestee", "alias": null, "ylemgrupp": "Transport", "grupp": "peatus", "alamgrupp": "bussipeatus", "tyypnimi": "bussipeatus", "aadress": "Tartu maakond, Tartu linn, Tartu linn, Jaama tänav T113", "adrid": 3030736, "adsoid": "CU01997747", "mk": "Tartu maakond", "ov": "Tartu linn", "ay": "Tartu linn", "www": null, "url": null, "email": null, "telefon": null, "allikas": "Transpordiamet.Ühistranspordi infosüsteem", "andmeseis": "27.12.2020", "poi_id": 90397, "id": "25950", "vid": "7820257-1", "tyyp": 101204, "x": 661007, "y": 6474492, "pikkus": 26.7530316, "laius": 58.3811681, "kiht": "hp_bussipeatus" }, "geometry": { "type": "Point", "coordinates": [ 26.75303164227407, 58.38116810119373 ] } },
{ "type": "Feature", "properties": { "fid": 65702, "nimi": "Raudteejaam", "alias": null, "ylemgrupp": "Transport", "grupp": "peatus", "alamgrupp": "bussipeatus", "tyypnimi": "bussipeatus", "aadress": "Tartu maakond, Tartu linn, Tartu linn, Vaksali tänav T19", "adrid": 3037246, "adsoid": "CU03613973", "mk": "Tartu maakond", "ov": "Tartu linn", "ay": "Tartu linn", "www": null, "url": null, "email": null, "telefon": null, "allikas": "Transpordiamet.Ühistranspordi infosüsteem", "andmeseis": "09.05.2023", "poi_id": 89020, "id": "123046", "vid": "7820208-1", "tyyp": 101204, "x": 658338, "y": 6473582, "pikkus": 26.7068213, "laius": 58.3739745, "kiht": "hp_bussipeatus" }, "geometry": { "type": "Point", "coordinates": [ 26.706821321718149, 58.373974475355645 ] } },
{ "type": "Feature", "properties": { "fid": 65766, "nimi": "Raudtee I", "alias": null, "ylemgrupp": "Transport", "grupp": "peatus", "alamgrupp": "bussipeatus", "tyypnimi": "bussipeatus", "aadress": "Tartu maakond, Tartu linn, Tartu linn, Soinaste tänav T39", "adrid": 3032136, "adsoid": "CU00489544", "mk": "Tartu maakond", "ov": "Tartu linn", "ay": "Tartu linn", "www": null, "url": null, "email": null, "telefon": null, "allikas": "Transpordiamet.Ühistranspordi infosüsteem", "andmeseis": "11.01.2021", "poi_id": 89501, "id": "26384", "vid": "7820203-1", "tyyp": 101204, "x": 658474, "y": 6471474, "pikkus": 26.7076883, "laius": 58.3550163, "kiht": "hp_bussipeatus" }, "geometry": { "type": "Point", "coordinates": [ 26.707688308851711, 58.35501628581526 ] } },
{ "type": "Feature", "properties": { "fid": 65826, "nimi": "Ropka tee", "alias": null, "ylemgrupp": "Transport", "grupp": "peatus", "alamgrupp": "bussipeatus", "tyypnimi": "bussipeatus", "aadress": "Tartu maakond, Tartu linn, Tartu linn, Turu tänav T41", "adrid": 3025526, "adsoid": "CU01873001", "mk": "Tartu maakond", "ov": "Tartu linn", "ay": "Tartu linn", "www": null, "url": null, "email": null, "telefon": null, "allikas": "Transpordiamet.Ühistranspordi infosüsteem", "andmeseis": "09.05.2023", "poi_id": 206845, "id": "149241", "vid": "7820372-1", "tyyp": 101204, "x": 660410, "y": 6471652, "pikkus": 26.7408543, "laius": 58.3559057, "kiht": "hp_bussipeatus" }, "geometry": { "type": "Point", "coordinates": [ 26.740854279065246, 58.355905746827268 ] } },
{ "type": "Feature", "properties": { "fid": 65859, "nimi": "Aardla", "alias": null, "ylemgrupp": "Transport", "grupp": "peatus", "alamgrupp": "bussipeatus", "tyypnimi": "bussipeatus", "aadress": "Tartu maakond, Tartu linn, Tartu linn, Jalaka tänav T1", "adrid": 3029862, "adsoid": "CU01986249", "mk": "Tartu maakond", "ov": "Tartu linn", "ay": "Tartu linn", "www": null, "url": null, "email": null, "telefon": null, "allikas": "Transpordiamet.Ühistranspordi infosüsteem", "andmeseis": "06.09.2020", "poi_id": 88931, "id": "26847", "vid": "7820003-1", "tyyp": 101204, "x": 659368, "y": 6471491, "pikkus": 26.7229581, "laius": 58.3548423, "kiht": "hp_bussipeatus" }, "geometry": { "type": "Point", "coordinates": [ 26.722958115651668, 58.354842342250556 ] } },
{ "type": "Feature", "properties": { "fid": 66136, "nimi": "Lai", "alias": null, "ylemgrupp": "Transport", "grupp": "peatus", "alamgrupp": "bussipeatus", "tyypnimi": "bussipeatus", "aadress": "Tartu maakond, Tartu linn, Tartu linn, Lai tänav T7", "adrid": 3036340, "adsoid": "CU00490948", "mk": "Tartu maakond", "ov": "Tartu linn", "ay": "Tartu linn", "www": null, "url": null, "email": null, "telefon": null, "allikas": "Transpordiamet.Ühistranspordi infosüsteem", "andmeseis": "03.01.2021", "poi_id": 88193, "id": "25339", "vid": "7820121-1", "tyyp": 101204, "x": 658993, "y": 6474648, "pikkus": 26.7187471, "laius": 58.3832965, "kiht": "hp_bussipeatus" }, "geometry": { "type": "Point", "coordinates": [ 26.718747130792739, 58.383296492251141 ] } },
{ "type": "Feature", "properties": { "fid": 66140, "nimi": "Viadukti", "alias": null, "ylemgrupp": "Transport", "grupp": "peatus", "alamgrupp": "bussipeatus", "tyypnimi": "bussipeatus", "aadress": "Tartu maakond, Tartu linn, Tartu linn, Ihaste tee T15", "adrid": 3022639, "adsoid": "CU03225839", "mk": "Tartu maakond", "ov": "Tartu linn", "ay": "Tartu linn", "www": null, "url": null, "email": null, "telefon": null, "allikas": "Transpordiamet.Ühistranspordi infosüsteem", "andmeseis": "09.05.2023", "poi_id": 92243, "id": "135328", "vid": "7820330-1", "tyyp": 101204, "x": 661807, "y": 6471755, "pikkus": 26.7647707, "laius": 58.3563166, "kiht": "hp_bussipeatus" }, "geometry": { "type": "Point", "coordinates": [ 26.7647707253638, 58.356316555852281 ] } },
{ "type": "Feature", "properties": { "fid": 66189, "nimi": "Tehase", "alias": null, "ylemgrupp": "Transport", "grupp": "peatus", "alamgrupp": "bussipeatus", "tyypnimi": "bussipeatus", "aadress": "Tartu maakond, Tartu linn, Tartu linn, Tehase tänav T19", "adrid": 3028302, "adsoid": "CU00492825", "mk": "Tartu maakond", "ov": "Tartu linn", "ay": "Tartu linn", "www": null, "url": null, "email": null, "telefon": null, "allikas": "Transpordiamet.Ühistranspordi infosüsteem", "andmeseis": "03.01.2021", "poi_id": 90013, "id": "26115", "vid": "7820280-1", "tyyp": 101204, "x": 660029, "y": 6472240, "pikkus": 26.7347646, "laius": 58.3613194, "kiht": "hp_bussipeatus" }, "geometry": { "type": "Point", "coordinates": [ 26.734764608470112, 58.361319361742382 ] } },
{ "type": "Feature", "properties": { "fid": 66490, "nimi": "Annelinna gümnaasium", "alias": null, "ylemgrupp": "Transport", "grupp": "peatus", "alamgrupp": "bussipeatus", "tyypnimi": "bussipeatus", "aadress": "Tartu maakond, Tartu linn, Tartu linn, Kaunase puiestee T21", "adrid": 3037865, "adsoid": "CU01988061", "mk": "Tartu maakond", "ov": "Tartu linn", "ay": "Tartu linn", "www": null, "url": null, "email": null, "telefon": null, "allikas": "Transpordiamet.Ühistranspordi infosüsteem", "andmeseis": "09.05.2023", "poi_id": 81785, "id": "26855", "vid": "7820013-1", "tyyp": 101204, "x": 662006, "y": 6473903, "pikkus": 26.7696815, "laius": 58.3755108, "kiht": "hp_bussipeatus" }, "geometry": { "type": "Point", "coordinates": [ 26.76968148524179, 58.375510774568944 ] } },
{ "type": "Feature", "properties": { "fid": 66567, "nimi": "Maaülikool", "alias": null, "ylemgrupp": "Transport", "grupp": "peatus", "alamgrupp": "bussipeatus", "tyypnimi": "bussipeatus", "aadress": "Tartu maakond, Tartu linn, Tartu linn, Friedrich Reinhold Kreutzwaldi tänav T5", "adrid": 3036330, "adsoid": "CU01751767", "mk": "Tartu maakond", "ov": "Tartu linn", "ay": "Tartu linn", "www": null, "url": null, "email": null, "telefon": null, "allikas": "Transpordiamet.Ühistranspordi infosüsteem", "andmeseis": "09.05.2023", "poi_id": 79902, "id": "26524", "vid": "7820144-1", "tyyp": 101204, "x": 657677, "y": 6475041, "pikkus": 26.6965384, "laius": 58.387306, "kiht": "hp_bussipeatus" }, "geometry": { "type": "Point", "coordinates": [ 26.696538413924973, 58.3873060479918 ] } },
{ "type": "Feature", "properties": { "fid": 66767, "nimi": "Triigi", "alias": null, "ylemgrupp": "Transport", "grupp": "peatus", "alamgrupp": "bussipeatus", "tyypnimi": "bussipeatus", "aadress": "Tartu maakond, Tartu linn, Tartu linn, Nikolai Triigi tänav T1", "adrid": 3029970, "adsoid": "CU01977662", "mk": "Tartu maakond", "ov": "Tartu linn", "ay": "Tartu linn", "www": null, "url": null, "email": null, "telefon": null, "allikas": "Transpordiamet.Ühistranspordi infosüsteem", "andmeseis": "09.05.2023", "poi_id": 80297, "id": "26669", "vid": "7820160-1", "tyyp": 101204, "x": 663223, "y": 6471665, "pikkus": 26.7888747, "laius": 58.3549836, "kiht": "hp_bussipeatus" }, "geometry": { "type": "Point", "coordinates": [ 26.788874730954287, 58.354983559152011 ] } },
{ "type": "Feature", "properties": { "fid": 67107, "nimi": "Kungla", "alias": null, "ylemgrupp": "Transport", "grupp": "peatus", "alamgrupp": "bussipeatus", "tyypnimi": "bussipeatus", "aadress": "Tartu maakond, Tartu linn, Tartu linn, Kesk kaar T1", "adrid": 3036374, "adsoid": "CU00489176", "mk": "Tartu maakond", "ov": "Tartu linn", "ay": "Tartu linn", "www": null, "url": null, "email": null, "telefon": null, "allikas": "Transpordiamet.Ühistranspordi infosüsteem", "andmeseis": "05.11.2023", "poi_id": 88075, "id": "25023", "vid": "7820111-1", "tyyp": 101204, "x": 658791, "y": 6472079, "pikkus": 26.7135212, "laius": 58.3603288, "kiht": "hp_bussipeatus" }, "geometry": { "type": "Point", "coordinates": [ 26.713521224982362, 58.360328810752698 ] } },
{ "type": "Feature", "properties": { "fid": 67184, "nimi": "Tartu Maja II", "alias": null, "ylemgrupp": "Transport", "grupp": "peatus", "alamgrupp": "bussipeatus", "tyypnimi": "bussipeatus", "aadress": "Tartu maakond, Tartu linn, Tartu linn, Ravila tänav T51", "adrid": 3029942, "adsoid": "CU00487714", "mk": "Tartu maakond", "ov": "Tartu linn", "ay": "Tartu linn", "www": null, "url": null, "email": null, "telefon": null, "allikas": "Transpordiamet.Ühistranspordi infosüsteem", "andmeseis": "09.05.2023", "poi_id": 89285, "id": "26110", "vid": "7820270-1", "tyyp": 101204, "x": 656949, "y": 6474458, "pikkus": 26.6836974, "laius": 58.3823373, "kiht": "hp_bussipeatus" }, "geometry": { "type": "Point", "coordinates": [ 26.683697373998083, 58.382337308587388 ] } },
{ "type": "Feature", "properties": { "fid": 67290, "nimi": "Viadukti", "alias": null, "ylemgrupp": "Transport", "grupp": "peatus", "alamgrupp": "bussipeatus", "tyypnimi": "bussipeatus", "aadress": "Tartu maakond, Tartu linn, Tartu linn, Ihaste tee 11", "adrid": 3106285, "adsoid": "CU00498311", "mk": "Tartu maakond", "ov": "Tartu linn", "ay": "Tartu linn", "www": null, "url": null, "email": null, "telefon": null, "allikas": "Transpordiamet.Ühistranspordi infosüsteem", "andmeseis": "29.10.2023", "poi_id": 86786, "id": "135329", "vid": "7820331-1", "tyyp": 101204, "x": 661693, "y": 6471571, "pikkus": 26.7627041, "laius": 58.3547098, "kiht": "hp_bussipeatus" }, "geometry": { "type": "Point", "coordinates": [ 26.762704124543742, 58.354709789490457 ] } },
{ "type": "Feature", "properties": { "fid": 67365, "nimi": "Mõisavahe", "alias": null, "ylemgrupp": "Transport", "grupp": "peatus", "alamgrupp": "bussipeatus", "tyypnimi": "bussipeatus", "aadress": "Tartu maakond, Tartu linn, Tartu linn, Mõisavahe tänav T53", "adrid": 3037860, "adsoid": "CU01926671", "mk": "Tartu maakond", "ov": "Tartu linn", "ay": "Tartu linn", "www": null, "url": null, "email": null, "telefon": null, "allikas": "Transpordiamet.Ühistranspordi infosüsteem", "andmeseis": "20.12.2020", "poi_id": 87935, "id": "26528", "vid": "7820156-1", "tyyp": 101204, "x": 662366, "y": 6473233, "pikkus": 26.7753532, "laius": 58.3693671, "kiht": "hp_bussipeatus" }, "geometry": { "type": "Point", "coordinates": [ 26.775353221339053, 58.369367126826553 ] } },
{ "type": "Feature", "properties": { "fid": 67527, "nimi": "Kesa", "alias": null, "ylemgrupp": "Transport", "grupp": "peatus", "alamgrupp": "bussipeatus", "tyypnimi": "bussipeatus", "aadress": "Tartu maakond, Tartu linn, Tartu linn, Kopli tänav T11", "adrid": 3030695, "adsoid": "CU00610478", "mk": "Tartu maakond", "ov": "Tartu linn", "ay": "Tartu linn", "www": null, "url": null, "email": null, "telefon": null, "allikas": "Transpordiamet.Ühistranspordi infosüsteem", "andmeseis": "05.11.2023", "poi_id": 81851, "id": "26511", "vid": "7820229-1", "tyyp": 101204, "x": 658297, "y": 6470751, "pikkus": 26.7041746, "laius": 58.3485962, "kiht": "hp_bussipeatus" }, "geometry": { "type": "Point", "coordinates": [ 26.704174563934707, 58.348596212556828 ] } },
{ "type": "Feature", "properties": { "fid": 67639, "nimi": "Visa hall", "alias": null, "ylemgrupp": "Transport", "grupp": "peatus", "alamgrupp": "bussipeatus", "tyypnimi": "bussipeatus", "aadress": "Tartu maakond, Tartu linn, Tartu linn, Ravila tänav T49", "adrid": 3022153, "adsoid": "CU00487053", "mk": "Tartu maakond", "ov": "Tartu linn", "ay": "Tartu linn", "www": null, "url": null, "email": null, "telefon": null, "allikas": "Transpordiamet.Ühistranspordi infosüsteem", "andmeseis": "11.01.2021", "poi_id": 86934, "id": "123017", "vid": "7820184-1", "tyyp": 101204, "x": 656971, "y": 6474076, "pikkus": 26.683824, "laius": 58.3788988, "kiht": "hp_bussipeatus" }, "geometry": { "type": "Point", "coordinates": [ 26.683823992263644, 58.378898819446214 ] } },
{ "type": "Feature", "properties": { "fid": 78599, "nimi": "Kvartsi", "alias": null, "ylemgrupp": "Transport", "grupp": "peatus", "alamgrupp": "bussipeatus", "tyypnimi": "bussipeatus", "aadress": "Tartu maakond, Tartu linn, Tartu linn, Teemandi tänav T13", "adrid": 3680509, "adsoid": "CU04059714", "mk": "Tartu maakond", "ov": "Tartu linn", "ay": "Tartu linn", "www": null, "url": null, "email": null, "telefon": null, "allikas": "Transpordiamet.Ühistranspordi infosüsteem", "andmeseis": "09.05.2023", "poi_id": 226885, "id": "155418", "vid": "7820378-1", "tyyp": 101204, "x": 657344, "y": 6471074, "pikkus": 26.6881333, "laius": 58.351832, "kiht": "hp_bussipeatus" }, "geometry": { "type": "Point", "coordinates": [ 26.688133319115007, 58.351831980272188 ] } },
{ "type": "Feature", "properties": { "fid": 78992, "nimi": "Eesti Rahva Muuseum", "alias": null, "ylemgrupp": "Transport", "grupp": "peatus", "alamgrupp": "bussipeatus", "tyypnimi": "bussipeatus", "aadress": "Tartu maakond, Tartu linn, Tartu linn, Muuseumi tee 2", "adrid": 3069760, "adsoid": "CU01641489", "mk": "Tartu maakond", "ov": "Tartu linn", "ay": "Tartu linn", "www": null, "url": null, "email": null, "telefon": null, "allikas": "Transpordiamet.Ühistranspordi infosüsteem", "andmeseis": "09.05.2023", "poi_id": 226801, "id": "153703", "vid": "7820375-1", "tyyp": 101204, "x": 660335, "y": 6476069, "pikkus": 26.7426623, "laius": 58.3955532, "kiht": "hp_bussipeatus" }, "geometry": { "type": "Point", "coordinates": [ 26.74266229140957, 58.395553240937325 ] } },
{ "type": "Feature", "properties": { "fid": 79101, "nimi": "Tüve (kesklinna suunas)", "alias": null, "ylemgrupp": "Transport", "grupp": "peatus", "alamgrupp": "bussipeatus", "tyypnimi": "bussipeatus", "aadress": "Tartu maakond, Tartu linn, Tartu linn, Põhja puiestee T15", "adrid": 3029877, "adsoid": "CU01994854", "mk": "Tartu maakond", "ov": "Tartu linn", "ay": "Tartu linn", "www": null, "url": null, "email": null, "telefon": null, "allikas": "Transpordiamet.Ühistranspordi infosüsteem", "andmeseis": "09.05.2023", "poi_id": 226868, "id": "155432", "vid": "7820380-1", "tyyp": 101204, "x": 661179, "y": 6474847, "pikkus": 26.7562227, "laius": 58.3842865, "kiht": "hp_bussipeatus" }, "geometry": { "type": "Point", "coordinates": [ 26.756222667067515, 58.384286477607915 ] } },
{ "type": "Feature", "properties": { "fid": 79143, "nimi": "Tüve (Ihaste suunas)", "alias": null, "ylemgrupp": "Transport", "grupp": "peatus", "alamgrupp": "bussipeatus", "tyypnimi": "bussipeatus", "aadress": "Tartu maakond, Tartu linn, Tartu linn, Põhja puiestee T15", "adrid": 3029877, "adsoid": "CU01994854", "mk": "Tartu maakond", "ov": "Tartu linn", "ay": "Tartu linn", "www": null, "url": null, "email": null, "telefon": null, "allikas": "Transpordiamet.Ühistranspordi infosüsteem", "andmeseis": "09.05.2023", "poi_id": 226876, "id": "155433", "vid": "7820381-1", "tyyp": 101204, "x": 661212, "y": 6474864, "pikkus": 26.7568051, "laius": 58.3844263, "kiht": "hp_bussipeatus" }, "geometry": { "type": "Point", "coordinates": [ 26.756805088923173, 58.384426303010976 ] } },
{ "type": "Feature", "properties": { "fid": 79454, "nimi": "Raatuse", "alias": null, "ylemgrupp": "Transport", "grupp": "peatus", "alamgrupp": "bussipeatus", "tyypnimi": "bussipeatus", "aadress": "Tartu maakond, Tartu linn, Tartu linn, Raatuse tänav T1", "adrid": 3029941, "adsoid": "CU00496737", "mk": "Tartu maakond", "ov": "Tartu linn", "ay": "Tartu linn", "www": null, "url": null, "email": null, "telefon": null, "allikas": "Transpordiamet.Ühistranspordi infosüsteem", "andmeseis": "09.05.2023", "poi_id": 226696, "id": "154124", "vid": "7820377-1", "tyyp": 101204, "x": 659800, "y": 6474585, "pikkus": 26.7324849, "laius": 58.382438, "kiht": "hp_bussipeatus" }, "geometry": { "type": "Point", "coordinates": [ 26.732484884391127, 58.38243802839942 ] } }
]
}
